2026-07-27 08:53:42.547 [background-preinit] INFO  [cid=none] o.h.validator.internal.util.Version - HV000001: Hibernate Validator 8.0.1.Final
2026-07-27 08:53:42.668 [main] INFO  [cid=none] com.microlend.MicroLendApplication - Starting MicroLendApplication using Java 21.0.2 with PID 2220 (C:\Users\2503700\OneDrive - Cognizant\Desktop\Microlend\backend\target\classes started by 2503700 in C:\Users\2503700\OneDrive - Cognizant\Desktop\Microlend)
2026-07-27 08:53:42.680 [main] INFO  [cid=none] com.microlend.MicroLendApplication - The following 1 profile is active: "dev"
2026-07-27 08:53:46.273 [main] INFO  [cid=none] o.s.d.r.c.RepositoryConfigurationDelegate - Bootstrapping Spring Data JPA repositories in DEFAULT mode.
2026-07-27 08:53:46.807 [main] INFO  [cid=none] o.s.d.r.c.RepositoryConfigurationDelegate - Finished Spring Data repository scanning in 489 ms. Found 18 JPA repository interfaces.
2026-07-27 08:53:48.880 [main] INFO  [cid=none] o.s.b.w.e.tomcat.TomcatWebServer - Tomcat initialized with port 8090 (http)
2026-07-27 08:53:48.907 [main] INFO  [cid=none] o.a.coyote.http11.Http11NioProtocol - Initializing ProtocolHandler ["http-nio-8090"]
2026-07-27 08:53:48.913 [main] INFO  [cid=none] o.a.catalina.core.StandardService - Starting service [Tomcat]
2026-07-27 08:53:48.913 [main] INFO  [cid=none] o.a.catalina.core.StandardEngine - Starting Servlet engine: [Apache Tomcat/10.1.31]
2026-07-27 08:53:49.088 [main] INFO  [cid=none] o.a.c.c.C.[Tomcat].[localhost].[/] - Initializing Spring embedded WebApplicationContext
2026-07-27 08:53:49.090 [main] INFO  [cid=none] o.s.b.w.s.c.ServletWebServerApplicationContext - Root WebApplicationContext: initialization completed in 6313 ms
2026-07-27 08:53:49.894 [main] INFO  [cid=none] o.h.jpa.internal.util.LogHelper - HHH000204: Processing PersistenceUnitInfo [name: default]
2026-07-27 08:53:50.158 [main] INFO  [cid=none] org.hibernate.Version - HHH000412: Hibernate ORM core version 6.5.3.Final
2026-07-27 08:53:50.281 [main] INFO  [cid=none] o.h.c.i.RegionFactoryInitiator - HHH000026: Second-level cache disabled
2026-07-27 08:53:51.062 [main] INFO  [cid=none] o.s.o.j.p.SpringPersistenceUnitInfo - No LoadTimeWeaver setup: ignoring JPA class transformer
2026-07-27 08:53:51.110 [main] INFO  [cid=none] com.zaxxer.hikari.HikariDataSource - HikariPool-1 - Starting...
2026-07-27 08:53:51.462 [main] INFO  [cid=none] com.zaxxer.hikari.pool.HikariPool - HikariPool-1 - Added connection com.mysql.cj.jdbc.ConnectionImpl@1d3546f9
2026-07-27 08:53:51.462 [main] INFO  [cid=none] com.zaxxer.hikari.HikariDataSource - HikariPool-1 - Start completed.
2026-07-27 08:53:54.010 [main] INFO  [cid=none] o.h.e.t.j.p.i.JtaPlatformInitiator - HHH000489: No JTA platform available (set 'hibernate.transaction.jta.platform' to enable JTA platform integration)
2026-07-27 08:53:54.924 [main] INFO  [cid=none] o.s.o.j.LocalContainerEntityManagerFactoryBean - Initialized JPA EntityManagerFactory for persistence unit 'default'
2026-07-27 08:53:56.051 [main] INFO  [cid=none] o.s.d.j.r.query.QueryEnhancerFactory - Hibernate is in classpath; If applicable, HQL parser will be used.
2026-07-27 08:53:57.252 [main] INFO  [cid=none] c.m.b.service.KycStorageService - KYC storage root: C:\Users\2503700\OneDrive - Cognizant\Desktop\Microlend\uploads\kyc
2026-07-27 08:53:58.233 [main] WARN  [cid=none] o.s.b.a.s.s.UserDetailsServiceAutoConfiguration - 

Using generated security password: b467b0ea-1e01-4e06-9c3d-bc851ec5f94a

This generated password is for development use only. Your security configuration must be updated before running your application in production.

2026-07-27 08:53:58.260 [main] INFO  [cid=none] o.s.s.c.a.a.c.InitializeUserDetailsBeanManagerConfigurer$InitializeUserDetailsManagerConfigurer - Global AuthenticationManager configured with UserDetailsService bean with name inMemoryUserDetailsManager
2026-07-27 08:53:59.256 [main] INFO  [cid=none] o.s.b.a.e.web.EndpointLinksResolver - Exposing 2 endpoints beneath base path '/actuator'
2026-07-27 08:54:00.498 [main] INFO  [cid=none] o.a.coyote.http11.Http11NioProtocol - Starting ProtocolHandler ["http-nio-8090"]
2026-07-27 08:54:00.534 [main] INFO  [cid=none] o.s.b.w.e.tomcat.TomcatWebServer - Tomcat started on port 8090 (http) with context path '/'
2026-07-27 08:54:00.565 [main] INFO  [cid=none] com.microlend.MicroLendApplication - Started MicroLendApplication in 18.901 seconds (process running for 19.767)
2026-07-27 08:54:01.097 [main] INFO  [cid=none] c.m.identity.bootstrap.DataSeeder - DataSeeder: seed users already present, nothing to create.
2026-07-27 08:57:27.561 [http-nio-8090-exec-1] INFO  [cid=none] o.a.c.c.C.[Tomcat].[localhost].[/] - Initializing Spring DispatcherServlet 'dispatcherServlet'
2026-07-27 08:57:27.562 [http-nio-8090-exec-1] INFO  [cid=none] o.s.web.servlet.DispatcherServlet - Initializing Servlet 'dispatcherServlet'
2026-07-27 08:57:27.567 [http-nio-8090-exec-1] INFO  [cid=none] o.s.web.servlet.DispatcherServlet - Completed initialization in 5 ms
2026-07-27 08:57:28.114 [http-nio-8090-exec-1] WARN  [cid=31d55aa1] c.m.i.s.JwtAuthenticationFilter - Rejected JWT: JWT expired 39061111 milliseconds ago at 2026-07-26T16:36:27.000Z. Current time: 2026-07-27T03:27:28.111Z. Allowed clock skew: 0 milliseconds.
2026-07-27 08:57:28.291 [http-nio-8090-exec-2] WARN  [cid=a258f01f] c.m.i.s.JwtAuthenticationFilter - Rejected JWT: JWT expired 39061290 milliseconds ago at 2026-07-26T16:36:27.000Z. Current time: 2026-07-27T03:27:28.290Z. Allowed clock skew: 0 milliseconds.
2026-07-27 08:57:32.824 [http-nio-8090-exec-3] INFO  [cid=afa7355f] c.m.audit.service.LocalAuditService - AUDIT module=AUTH action=LOGIN_SUCCESS userId=2
2026-07-27 09:14:35.591 [SpringApplicationShutdownHook] INFO  [cid=none] o.s.o.j.LocalContainerEntityManagerFactoryBean - Closing JPA EntityManagerFactory for persistence unit 'default'
2026-07-27 09:14:35.594 [SpringApplicationShutdownHook] INFO  [cid=none] com.zaxxer.hikari.HikariDataSource - HikariPool-1 - Shutdown initiated...
2026-07-27 09:14:35.608 [SpringApplicationShutdownHook] INFO  [cid=none] com.zaxxer.hikari.HikariDataSource - HikariPool-1 - Shutdown completed.
2026-07-27 09:14:47.247 [background-preinit] INFO  [cid=none] o.h.validator.internal.util.Version - HV000001: Hibernate Validator 8.0.1.Final
2026-07-27 09:14:47.399 [main] INFO  [cid=none] com.microlend.MicroLendApplication - Starting MicroLendApplication using Java 21.0.2 with PID 14300 (C:\Users\2503700\OneDrive - Cognizant\Desktop\Microlend\backend\target\classes started by 2503700 in C:\Users\2503700\OneDrive - Cognizant\Desktop\Microlend)
2026-07-27 09:14:47.403 [main] INFO  [cid=none] com.microlend.MicroLendApplication - The following 1 profile is active: "dev"
2026-07-27 09:14:50.409 [main] INFO  [cid=none] o.s.d.r.c.RepositoryConfigurationDelegate - Bootstrapping Spring Data JPA repositories in DEFAULT mode.
2026-07-27 09:14:50.743 [main] INFO  [cid=none] o.s.d.r.c.RepositoryConfigurationDelegate - Finished Spring Data repository scanning in 312 ms. Found 18 JPA repository interfaces.
2026-07-27 09:14:53.163 [main] INFO  [cid=none] o.s.b.w.e.tomcat.TomcatWebServer - Tomcat initialized with port 8090 (http)
2026-07-27 09:14:53.202 [main] INFO  [cid=none] o.a.coyote.http11.Http11NioProtocol - Initializing ProtocolHandler ["http-nio-8090"]
2026-07-27 09:14:53.213 [main] INFO  [cid=none] o.a.catalina.core.StandardService - Starting service [Tomcat]
2026-07-27 09:14:53.213 [main] INFO  [cid=none] o.a.catalina.core.StandardEngine - Starting Servlet engine: [Apache Tomcat/10.1.31]
2026-07-27 09:14:53.527 [main] INFO  [cid=none] o.a.c.c.C.[Tomcat].[localhost].[/] - Initializing Spring embedded WebApplicationContext
2026-07-27 09:14:53.531 [main] INFO  [cid=none] o.s.b.w.s.c.ServletWebServerApplicationContext - Root WebApplicationContext: initialization completed in 5972 ms
2026-07-27 09:14:55.129 [main] INFO  [cid=none] o.h.jpa.internal.util.LogHelper - HHH000204: Processing PersistenceUnitInfo [name: default]
2026-07-27 09:14:55.487 [main] INFO  [cid=none] org.hibernate.Version - HHH000412: Hibernate ORM core version 6.5.3.Final
2026-07-27 09:14:55.535 [main] INFO  [cid=none] o.h.c.i.RegionFactoryInitiator - HHH000026: Second-level cache disabled
2026-07-27 09:14:56.084 [main] INFO  [cid=none] o.s.o.j.p.SpringPersistenceUnitInfo - No LoadTimeWeaver setup: ignoring JPA class transformer
2026-07-27 09:14:56.129 [main] INFO  [cid=none] com.zaxxer.hikari.HikariDataSource - HikariPool-1 - Starting...
2026-07-27 09:14:56.419 [main] INFO  [cid=none] com.zaxxer.hikari.pool.HikariPool - HikariPool-1 - Added connection com.mysql.cj.jdbc.ConnectionImpl@2e4d2232
2026-07-27 09:14:56.423 [main] INFO  [cid=none] com.zaxxer.hikari.HikariDataSource - HikariPool-1 - Start completed.
2026-07-27 09:14:58.435 [main] INFO  [cid=none] o.h.e.t.j.p.i.JtaPlatformInitiator - HHH000489: No JTA platform available (set 'hibernate.transaction.jta.platform' to enable JTA platform integration)
2026-07-27 09:15:01.226 [main] INFO  [cid=none] o.s.o.j.LocalContainerEntityManagerFactoryBean - Initialized JPA EntityManagerFactory for persistence unit 'default'
2026-07-27 09:15:02.553 [main] INFO  [cid=none] o.s.d.j.r.query.QueryEnhancerFactory - Hibernate is in classpath; If applicable, HQL parser will be used.
2026-07-27 09:15:03.969 [main] INFO  [cid=none] c.m.b.service.KycStorageService - KYC storage root: C:\Users\2503700\OneDrive - Cognizant\Desktop\Microlend\uploads\kyc
2026-07-27 09:15:04.933 [main] WARN  [cid=none] o.s.b.a.s.s.UserDetailsServiceAutoConfiguration - 

Using generated security password: b341dec1-bbd5-41e0-a4a7-45a76a858082

This generated password is for development use only. Your security configuration must be updated before running your application in production.

2026-07-27 09:15:04.951 [main] INFO  [cid=none] o.s.s.c.a.a.c.InitializeUserDetailsBeanManagerConfigurer$InitializeUserDetailsManagerConfigurer - Global AuthenticationManager configured with UserDetailsService bean with name inMemoryUserDetailsManager
2026-07-27 09:15:06.045 [main] INFO  [cid=none] o.s.b.a.e.web.EndpointLinksResolver - Exposing 2 endpoints beneath base path '/actuator'
2026-07-27 09:15:08.092 [main] INFO  [cid=none] o.a.coyote.http11.Http11NioProtocol - Starting ProtocolHandler ["http-nio-8090"]
2026-07-27 09:15:08.155 [main] INFO  [cid=none] o.s.b.w.e.tomcat.TomcatWebServer - Tomcat started on port 8090 (http) with context path '/'
2026-07-27 09:15:08.212 [main] INFO  [cid=none] com.microlend.MicroLendApplication - Started MicroLendApplication in 22.368 seconds (process running for 23.583)
2026-07-27 09:15:09.070 [main] INFO  [cid=none] c.m.identity.bootstrap.DataSeeder - DataSeeder: created 6 seed users (default password redacted, forced reset on first login).
2026-07-27 09:15:59.832 [http-nio-8090-exec-1] INFO  [cid=none] o.a.c.c.C.[Tomcat].[localhost].[/] - Initializing Spring DispatcherServlet 'dispatcherServlet'
2026-07-27 09:15:59.832 [http-nio-8090-exec-1] INFO  [cid=none] o.s.web.servlet.DispatcherServlet - Initializing Servlet 'dispatcherServlet'
2026-07-27 09:15:59.834 [http-nio-8090-exec-1] INFO  [cid=none] o.s.web.servlet.DispatcherServlet - Completed initialization in 2 ms
2026-07-27 09:16:08.707 [http-nio-8090-exec-2] INFO  [cid=a0ee10a7] c.m.audit.service.LocalAuditService - AUDIT module=AUTH action=LOGIN_SUCCESS_FORCE_RESET userId=1
2026-07-27 09:22:56.801 [SpringApplicationShutdownHook] INFO  [cid=none] o.s.o.j.LocalContainerEntityManagerFactoryBean - Closing JPA EntityManagerFactory for persistence unit 'default'
2026-07-27 09:22:56.804 [SpringApplicationShutdownHook] INFO  [cid=none] com.zaxxer.hikari.HikariDataSource - HikariPool-1 - Shutdown initiated...
2026-07-27 09:22:56.822 [SpringApplicationShutdownHook] INFO  [cid=none] com.zaxxer.hikari.HikariDataSource - HikariPool-1 - Shutdown completed.
2026-07-27 09:23:02.943 [background-preinit] INFO  [cid=none] o.h.validator.internal.util.Version - HV000001: Hibernate Validator 8.0.1.Final
2026-07-27 09:23:03.080 [main] INFO  [cid=none] com.microlend.MicroLendApplication - Starting MicroLendApplication using Java 21.0.2 with PID 5092 (C:\Users\2503700\OneDrive - Cognizant\Desktop\Microlend\backend\target\classes started by 2503700 in C:\Users\2503700\OneDrive - Cognizant\Desktop\Microlend)
2026-07-27 09:23:03.084 [main] INFO  [cid=none] com.microlend.MicroLendApplication - The following 1 profile is active: "dev"
2026-07-27 09:23:07.299 [main] INFO  [cid=none] o.s.d.r.c.RepositoryConfigurationDelegate - Bootstrapping Spring Data JPA repositories in DEFAULT mode.
2026-07-27 09:23:07.785 [main] INFO  [cid=none] o.s.d.r.c.RepositoryConfigurationDelegate - Finished Spring Data repository scanning in 438 ms. Found 18 JPA repository interfaces.
2026-07-27 09:23:10.489 [main] INFO  [cid=none] o.s.b.w.e.tomcat.TomcatWebServer - Tomcat initialized with port 8090 (http)
2026-07-27 09:23:10.534 [main] INFO  [cid=none] o.a.coyote.http11.Http11NioProtocol - Initializing ProtocolHandler ["http-nio-8090"]
2026-07-27 09:23:10.542 [main] INFO  [cid=none] o.a.catalina.core.StandardService - Starting service [Tomcat]
2026-07-27 09:23:10.545 [main] INFO  [cid=none] o.a.catalina.core.StandardEngine - Starting Servlet engine: [Apache Tomcat/10.1.31]
2026-07-27 09:23:10.856 [main] INFO  [cid=none] o.a.c.c.C.[Tomcat].[localhost].[/] - Initializing Spring embedded WebApplicationContext
2026-07-27 09:23:10.858 [main] INFO  [cid=none] o.s.b.w.s.c.ServletWebServerApplicationContext - Root WebApplicationContext: initialization completed in 7624 ms
2026-07-27 09:23:12.511 [main] INFO  [cid=none] o.h.jpa.internal.util.LogHelper - HHH000204: Processing PersistenceUnitInfo [name: default]
2026-07-27 09:23:12.896 [main] INFO  [cid=none] org.hibernate.Version - HHH000412: Hibernate ORM core version 6.5.3.Final
2026-07-27 09:23:13.018 [main] INFO  [cid=none] o.h.c.i.RegionFactoryInitiator - HHH000026: Second-level cache disabled
2026-07-27 09:23:13.522 [main] INFO  [cid=none] o.s.o.j.p.SpringPersistenceUnitInfo - No LoadTimeWeaver setup: ignoring JPA class transformer
2026-07-27 09:23:13.556 [main] INFO  [cid=none] com.zaxxer.hikari.HikariDataSource - HikariPool-1 - Starting...
2026-07-27 09:23:13.760 [main] INFO  [cid=none] com.zaxxer.hikari.pool.HikariPool - HikariPool-1 - Added connection com.mysql.cj.jdbc.ConnectionImpl@603b9d4b
2026-07-27 09:23:13.766 [main] INFO  [cid=none] com.zaxxer.hikari.HikariDataSource - HikariPool-1 - Start completed.
2026-07-27 09:23:15.607 [main] INFO  [cid=none] o.h.e.t.j.p.i.JtaPlatformInitiator - HHH000489: No JTA platform available (set 'hibernate.transaction.jta.platform' to enable JTA platform integration)
2026-07-27 09:23:17.016 [main] INFO  [cid=none] o.s.o.j.LocalContainerEntityManagerFactoryBean - Initialized JPA EntityManagerFactory for persistence unit 'default'
2026-07-27 09:23:18.506 [main] INFO  [cid=none] o.s.d.j.r.query.QueryEnhancerFactory - Hibernate is in classpath; If applicable, HQL parser will be used.
2026-07-27 09:23:20.125 [main] INFO  [cid=none] c.m.b.service.KycStorageService - KYC storage root: C:\Users\2503700\OneDrive - Cognizant\Desktop\Microlend\uploads\kyc
2026-07-27 09:23:21.666 [main] WARN  [cid=none] o.s.b.a.s.s.UserDetailsServiceAutoConfiguration - 

Using generated security password: 76a0738a-e4c2-46d7-9977-6f883b61c322

This generated password is for development use only. Your security configuration must be updated before running your application in production.

2026-07-27 09:23:21.714 [main] INFO  [cid=none] o.s.s.c.a.a.c.InitializeUserDetailsBeanManagerConfigurer$InitializeUserDetailsManagerConfigurer - Global AuthenticationManager configured with UserDetailsService bean with name inMemoryUserDetailsManager
2026-07-27 09:23:23.085 [main] INFO  [cid=none] o.s.b.a.e.web.EndpointLinksResolver - Exposing 2 endpoints beneath base path '/actuator'
2026-07-27 09:23:24.644 [main] INFO  [cid=none] o.a.coyote.http11.Http11NioProtocol - Starting ProtocolHandler ["http-nio-8090"]
2026-07-27 09:23:24.709 [main] INFO  [cid=none] o.s.b.w.e.tomcat.TomcatWebServer - Tomcat started on port 8090 (http) with context path '/'
2026-07-27 09:23:24.745 [main] INFO  [cid=none] com.microlend.MicroLendApplication - Started MicroLendApplication in 22.919 seconds (process running for 23.611)
2026-07-27 09:23:25.214 [main] INFO  [cid=none] c.m.identity.bootstrap.DataSeeder - DataSeeder: seed users already present, nothing to create.
2026-07-27 09:23:32.578 [http-nio-8090-exec-1] INFO  [cid=none] o.a.c.c.C.[Tomcat].[localhost].[/] - Initializing Spring DispatcherServlet 'dispatcherServlet'
2026-07-27 09:23:32.579 [http-nio-8090-exec-1] INFO  [cid=none] o.s.web.servlet.DispatcherServlet - Initializing Servlet 'dispatcherServlet'
2026-07-27 09:23:32.584 [http-nio-8090-exec-1] INFO  [cid=none] o.s.web.servlet.DispatcherServlet - Completed initialization in 5 ms
2026-07-27 09:23:33.625 [http-nio-8090-exec-1] INFO  [cid=bff14ccb] c.m.audit.service.LocalAuditService - AUDIT module=AUTH action=PASSWORD_RESET_COMPLETED userId=1
2026-07-27 09:23:54.050 [http-nio-8090-exec-6] INFO  [cid=d09c2266] c.m.audit.service.LocalAuditService - AUDIT module=DELINQUENCY action=DELINQUENCY_SCAN userId=1
2026-07-27 09:23:54.064 [http-nio-8090-exec-6] INFO  [cid=d09c2266] c.m.d.service.DelinquencyService - Delinquency scan complete: ScanResultResponse[installmentsMarkedOverdue=0, accountsScanned=0, casesOpened=0, casesUpdated=0, casesResolved=0]
2026-07-27 09:29:09.386 [http-nio-8090-exec-1] ERROR [cid=96a8c746] c.m.common.GlobalExceptionHandler - Unhandled exception
org.springframework.web.HttpRequestMethodNotSupportedException: Request method 'POST' is not supported
	at org.springframework.web.servlet.mvc.method.RequestMappingInfoHandlerMapping.handleNoMatch(RequestMappingInfoHandlerMapping.java:267)
	at org.springframework.web.servlet.handler.AbstractHandlerMethodMapping.lookupHandlerMethod(AbstractHandlerMethodMapping.java:441)
	at org.springframework.web.servlet.handler.AbstractHandlerMethodMapping.getHandlerInternal(AbstractHandlerMethodMapping.java:382)
	at org.springframework.web.servlet.mvc.method.RequestMappingInfoHandlerMapping.getHandlerInternal(RequestMappingInfoHandlerMapping.java:127)
	at org.springframework.web.servlet.mvc.method.RequestMappingInfoHandlerMapping.getHandlerInternal(RequestMappingInfoHandlerMapping.java:68)
	at org.springframework.web.servlet.handler.AbstractHandlerMapping.getHandler(AbstractHandlerMapping.java:507)
	at org.springframework.web.servlet.DispatcherServlet.getHandler(DispatcherServlet.java:1284)
	at org.springframework.web.servlet.DispatcherServlet.doDispatch(DispatcherServlet.java:1065)
	at org.springframework.web.servlet.DispatcherServlet.doService(DispatcherServlet.java:979)
	at org.springframework.web.servlet.FrameworkServlet.processRequest(FrameworkServlet.java:1014)
	at org.springframework.web.servlet.FrameworkServlet.doPost(FrameworkServlet.java:914)
	at jakarta.servlet.http.HttpServlet.service(HttpServlet.java:590)
	at org.springframework.web.servlet.FrameworkServlet.service(FrameworkServlet.java:885)
	at jakarta.servlet.http.HttpServlet.service(HttpServlet.java:658)
	at org.apache.catalina.core.ApplicationFilterChain.internalDoFilter(ApplicationFilterChain.java:195)
	at org.apache.catalina.core.ApplicationFilterChain.doFilter(ApplicationFilterChain.java:140)
	at org.apache.tomcat.websocket.server.WsFilter.doFilter(WsFilter.java:51)
	at org.apache.catalina.core.ApplicationFilterChain.internalDoFilter(ApplicationFilterChain.java:164)
	at org.apache.catalina.core.ApplicationFilterChain.doFilter(ApplicationFilterChain.java:140)
	at org.springframework.web.filter.OncePerRequestFilter.doFilter(OncePerRequestFilter.java:110)
	at org.apache.catalina.core.ApplicationFilterChain.internalDoFilter(ApplicationFilterChain.java:164)
	at org.apache.catalina.core.ApplicationFilterChain.doFilter(ApplicationFilterChain.java:140)
	at org.springframework.web.filter.CompositeFilter$VirtualFilterChain.doFilter(CompositeFilter.java:108)
	at org.springframework.security.web.FilterChainProxy.lambda$doFilterInternal$3(FilterChainProxy.java:231)
	at org.springframework.security.web.ObservationFilterChainDecorator$FilterObservation$SimpleFilterObservation.lambda$wrap$1(ObservationFilterChainDecorator.java:479)
	at org.springframework.security.web.ObservationFilterChainDecorator$AroundFilterObservation$SimpleAroundFilterObservation.lambda$wrap$1(ObservationFilterChainDecorator.java:340)
	at org.springframework.security.web.ObservationFilterChainDecorator.lambda$wrapSecured$0(ObservationFilterChainDecorator.java:82)
	at org.springframework.security.web.ObservationFilterChainDecorator$VirtualFilterChain.doFilter(ObservationFilterChainDecorator.java:128)
	at org.springframework.security.web.access.intercept.AuthorizationFilter.doFilter(AuthorizationFilter.java:100)
	at org.springframework.security.web.ObservationFilterChainDecorator$ObservationFilter.wrapFilter(ObservationFilterChainDecorator.java:240)
	at org.springframework.security.web.ObservationFilterChainDecorator$ObservationFilter.doFilter(ObservationFilterChainDecorator.java:227)
	at org.springframework.security.web.ObservationFilterChainDecorator$VirtualFilterChain.doFilter(ObservationFilterChainDecorator.java:137)
	at org.springframework.security.web.access.ExceptionTranslationFilter.doFilter(ExceptionTranslationFilter.java:126)
	at org.springframework.security.web.access.ExceptionTranslationFilter.doFilter(ExceptionTranslationFilter.java:120)
	at org.springframework.security.web.ObservationFilterChainDecorator$ObservationFilter.wrapFilter(ObservationFilterChainDecorator.java:240)
	at org.springframework.security.web.ObservationFilterChainDecorator$ObservationFilter.doFilter(ObservationFilterChainDecorator.java:227)
	at org.springframework.security.web.ObservationFilterChainDecorator$VirtualFilterChain.doFilter(ObservationFilterChainDecorator.java:137)
	at org.springframework.security.web.session.SessionManagementFilter.doFilter(SessionManagementFilter.java:131)
	at org.springframework.security.web.session.SessionManagementFilter.doFilter(SessionManagementFilter.java:85)
	at org.springframework.security.web.ObservationFilterChainDecorator$ObservationFilter.wrapFilter(ObservationFilterChainDecorator.java:240)
	at org.springframework.security.web.ObservationFilterChainDecorator$ObservationFilter.doFilter(ObservationFilterChainDecorator.java:227)
	at org.springframework.security.web.ObservationFilterChainDecorator$VirtualFilterChain.doFilter(ObservationFilterChainDecorator.java:137)
	at org.springframework.security.web.authentication.AnonymousAuthenticationFilter.doFilter(AnonymousAuthenticationFilter.java:100)
	at org.springframework.security.web.ObservationFilterChainDecorator$ObservationFilter.wrapFilter(ObservationFilterChainDecorator.java:240)
	at org.springframework.security.web.ObservationFilterChainDecorator$ObservationFilter.doFilter(ObservationFilterChainDecorator.java:227)
	at org.springframework.security.web.ObservationFilterChainDecorator$VirtualFilterChain.doFilter(ObservationFilterChainDecorator.java:137)
	at org.springframework.security.web.servletapi.SecurityContextHolderAwareRequestFilter.doFilter(SecurityContextHolderAwareRequestFilter.java:179)
	at org.springframework.security.web.ObservationFilterChainDecorator$ObservationFilter.wrapFilter(ObservationFilterChainDecorator.java:240)
	at org.springframework.security.web.ObservationFilterChainDecorator$ObservationFilter.doFilter(ObservationFilterChainDecorator.java:227)
	at org.springframework.security.web.ObservationFilterChainDecorator$VirtualFilterChain.doFilter(ObservationFilterChainDecorator.java:137)
	at org.springframework.security.web.savedrequest.RequestCacheAwareFilter.doFilter(RequestCacheAwareFilter.java:63)
	at org.springframework.security.web.ObservationFilterChainDecorator$ObservationFilter.wrapFilter(ObservationFilterChainDecorator.java:240)
	at org.springframework.security.web.ObservationFilterChainDecorator$ObservationFilter.doFilter(ObservationFilterChainDecorator.java:227)
	at org.springframework.security.web.ObservationFilterChainDecorator$VirtualFilterChain.doFilter(ObservationFilterChainDecorator.java:137)
	at com.microlend.identity.security.JwtAuthenticationFilter.doFilterInternal(JwtAuthenticationFilter.java:64)
	at org.springframework.web.filter.OncePerRequestFilter.doFilter(OncePerRequestFilter.java:116)
	at org.springframework.security.web.ObservationFilterChainDecorator$ObservationFilter.wrapFilter(ObservationFilterChainDecorator.java:240)
	at org.springframework.security.web.ObservationFilterChainDecorator$ObservationFilter.doFilter(ObservationFilterChainDecorator.java:227)
	at org.springframework.security.web.ObservationFilterChainDecorator$VirtualFilterChain.doFilter(ObservationFilterChainDecorator.java:137)
	at org.springframework.security.web.authentication.logout.LogoutFilter.doFilter(LogoutFilter.java:107)
	at org.springframework.security.web.authentication.logout.LogoutFilter.doFilter(LogoutFilter.java:93)
	at org.springframework.security.web.ObservationFilterChainDecorator$ObservationFilter.wrapFilter(ObservationFilterChainDecorator.java:240)
	at org.springframework.security.web.ObservationFilterChainDecorator$ObservationFilter.doFilter(ObservationFilterChainDecorator.java:227)
	at org.springframework.security.web.ObservationFilterChainDecorator$VirtualFilterChain.doFilter(ObservationFilterChainDecorator.java:137)
	at org.springframework.security.web.header.HeaderWriterFilter.doHeadersAfter(HeaderWriterFilter.java:90)
	at org.springframework.security.web.header.HeaderWriterFilter.doFilterInternal(HeaderWriterFilter.java:75)
	at org.springframework.web.filter.OncePerRequestFilter.doFilter(OncePerRequestFilter.java:116)
	at org.springframework.security.web.ObservationFilterChainDecorator$ObservationFilter.wrapFilter(ObservationFilterChainDecorator.java:240)
	at org.springframework.security.web.ObservationFilterChainDecorator$ObservationFilter.doFilter(ObservationFilterChainDecorator.java:227)
	at org.springframework.security.web.ObservationFilterChainDecorator$VirtualFilterChain.doFilter(ObservationFilterChainDecorator.java:137)
	at org.springframework.security.web.context.SecurityContextHolderFilter.doFilter(SecurityContextHolderFilter.java:82)
	at org.springframework.security.web.context.SecurityContextHolderFilter.doFilter(SecurityContextHolderFilter.java:69)
	at org.springframework.security.web.ObservationFilterChainDecorator$ObservationFilter.wrapFilter(ObservationFilterChainDecorator.java:240)
	at org.springframework.security.web.ObservationFilterChainDecorator$ObservationFilter.doFilter(ObservationFilterChainDecorator.java:227)
	at org.springframework.security.web.ObservationFilterChainDecorator$VirtualFilterChain.doFilter(ObservationFilterChainDecorator.java:137)
	at org.springframework.security.web.context.request.async.WebAsyncManagerIntegrationFilter.doFilterInternal(WebAsyncManagerIntegrationFilter.java:62)
	at org.springframework.web.filter.OncePerRequestFilter.doFilter(OncePerRequestFilter.java:116)
	at org.springframework.security.web.ObservationFilterChainDecorator$ObservationFilter.wrapFilter(ObservationFilterChainDecorator.java:240)
	at org.springframework.security.web.ObservationFilterChainDecorator$ObservationFilter.doFilter(ObservationFilterChainDecorator.java:227)
	at org.springframework.security.web.ObservationFilterChainDecorator$VirtualFilterChain.doFilter(ObservationFilterChainDecorator.java:137)
	at org.springframework.security.web.session.DisableEncodeUrlFilter.doFilterInternal(DisableEncodeUrlFilter.java:42)
	at org.springframework.web.filter.OncePerRequestFilter.doFilter(OncePerRequestFilter.java:116)
	at org.springframework.security.web.ObservationFilterChainDecorator$ObservationFilter.wrapFilter(ObservationFilterChainDecorator.java:240)
	at org.springframework.security.web.ObservationFilterChainDecorator$AroundFilterObservation$SimpleAroundFilterObservation.lambda$wrap$0(ObservationFilterChainDecorator.java:323)
	at org.springframework.security.web.ObservationFilterChainDecorator$ObservationFilter.doFilter(ObservationFilterChainDecorator.java:224)
	at org.springframework.security.web.ObservationFilterChainDecorator$VirtualFilterChain.doFilter(ObservationFilterChainDecorator.java:137)
	at org.springframework.security.web.FilterChainProxy.doFilterInternal(FilterChainProxy.java:233)
	at org.springframework.security.web.FilterChainProxy.doFilter(FilterChainProxy.java:191)
	at org.springframework.web.filter.CompositeFilter$VirtualFilterChain.doFilter(CompositeFilter.java:113)
	at org.springframework.web.servlet.handler.HandlerMappingIntrospector.lambda$createCacheFilter$3(HandlerMappingIntrospector.java:195)
	at org.springframework.web.filter.CompositeFilter$VirtualFilterChain.doFilter(CompositeFilter.java:113)
	at org.springframework.web.filter.CompositeFilter.doFilter(CompositeFilter.java:74)
	at org.springframework.security.config.annotation.web.configuration.WebMvcSecurityConfiguration$CompositeFilterChainProxy.doFilter(WebMvcSecurityConfiguration.java:230)
	at org.springframework.web.filter.DelegatingFilterProxy.invokeDelegate(DelegatingFilterProxy.java:362)
	at org.springframework.web.filter.DelegatingFilterProxy.doFilter(DelegatingFilterProxy.java:278)
	at org.apache.catalina.core.ApplicationFilterChain.internalDoFilter(ApplicationFilterChain.java:164)
	at org.apache.catalina.core.ApplicationFilterChain.doFilter(ApplicationFilterChain.java:140)
	at org.springframework.web.filter.RequestContextFilter.doFilterInternal(RequestContextFilter.java:100)
	at org.springframework.web.filter.OncePerRequestFilter.doFilter(OncePerRequestFilter.java:116)
	at org.apache.catalina.core.ApplicationFilterChain.internalDoFilter(ApplicationFilterChain.java:164)
	at org.apache.catalina.core.ApplicationFilterChain.doFilter(ApplicationFilterChain.java:140)
	at org.springframework.web.filter.FormContentFilter.doFilterInternal(FormContentFilter.java:93)
	at org.springframework.web.filter.OncePerRequestFilter.doFilter(OncePerRequestFilter.java:116)
	at org.apache.catalina.core.ApplicationFilterChain.internalDoFilter(ApplicationFilterChain.java:164)
	at org.apache.catalina.core.ApplicationFilterChain.doFilter(ApplicationFilterChain.java:140)
	at org.springframework.web.filter.ServerHttpObservationFilter.doFilterInternal(ServerHttpObservationFilter.java:113)
	at org.springframework.web.filter.OncePerRequestFilter.doFilter(OncePerRequestFilter.java:116)
	at org.apache.catalina.core.ApplicationFilterChain.internalDoFilter(ApplicationFilterChain.java:164)
	at org.apache.catalina.core.ApplicationFilterChain.doFilter(ApplicationFilterChain.java:140)
	at org.springframework.web.filter.CharacterEncodingFilter.doFilterInternal(CharacterEncodingFilter.java:201)
	at org.springframework.web.filter.OncePerRequestFilter.doFilter(OncePerRequestFilter.java:116)
	at org.apache.catalina.core.ApplicationFilterChain.internalDoFilter(ApplicationFilterChain.java:164)
	at org.apache.catalina.core.ApplicationFilterChain.doFilter(ApplicationFilterChain.java:140)
	at com.microlend.common.CorrelationIdFilter.doFilterInternal(CorrelationIdFilter.java:42)
	at org.springframework.web.filter.OncePerRequestFilter.doFilter(OncePerRequestFilter.java:116)
	at org.apache.catalina.core.ApplicationFilterChain.internalDoFilter(ApplicationFilterChain.java:164)
	at org.apache.catalina.core.ApplicationFilterChain.doFilter(ApplicationFilterChain.java:140)
	at org.apache.catalina.core.StandardWrapperValve.invoke(StandardWrapperValve.java:167)
	at org.apache.catalina.core.StandardContextValve.invoke(StandardContextValve.java:90)
	at org.apache.catalina.authenticator.AuthenticatorBase.invoke(AuthenticatorBase.java:483)
	at org.apache.catalina.core.StandardHostValve.invoke(StandardHostValve.java:115)
	at org.apache.catalina.valves.ErrorReportValve.invoke(ErrorReportValve.java:93)
	at org.apache.catalina.core.StandardEngineValve.invoke(StandardEngineValve.java:74)
	at org.apache.catalina.connector.CoyoteAdapter.service(CoyoteAdapter.java:344)
	at org.apache.coyote.http11.Http11Processor.service(Http11Processor.java:384)
	at org.apache.coyote.AbstractProcessorLight.process(AbstractProcessorLight.java:63)
	at org.apache.coyote.AbstractProtocol$ConnectionHandler.process(AbstractProtocol.java:905)
	at org.apache.tomcat.util.net.NioEndpoint$SocketProcessor.doRun(NioEndpoint.java:1741)
	at org.apache.tomcat.util.net.SocketProcessorBase.run(SocketProcessorBase.java:52)
	at org.apache.tomcat.util.threads.ThreadPoolExecutor.runWorker(ThreadPoolExecutor.java:1190)
	at org.apache.tomcat.util.threads.ThreadPoolExecutor$Worker.run(ThreadPoolExecutor.java:659)
	at org.apache.tomcat.util.threads.TaskThread$WrappingRunnable.run(TaskThread.java:63)
	at java.base/java.lang.Thread.run(Thread.java:1583)
2026-07-27 09:30:57.909 [http-nio-8090-exec-8] ERROR [cid=d9d4475e] c.m.common.GlobalExceptionHandler - Unhandled exception
org.springframework.web.HttpRequestMethodNotSupportedException: Request method 'POST' is not supported
	at org.springframework.web.servlet.mvc.method.RequestMappingInfoHandlerMapping.handleNoMatch(RequestMappingInfoHandlerMapping.java:267)
	at org.springframework.web.servlet.handler.AbstractHandlerMethodMapping.lookupHandlerMethod(AbstractHandlerMethodMapping.java:441)
	at org.springframework.web.servlet.handler.AbstractHandlerMethodMapping.getHandlerInternal(AbstractHandlerMethodMapping.java:382)
	at org.springframework.web.servlet.mvc.method.RequestMappingInfoHandlerMapping.getHandlerInternal(RequestMappingInfoHandlerMapping.java:127)
	at org.springframework.web.servlet.mvc.method.RequestMappingInfoHandlerMapping.getHandlerInternal(RequestMappingInfoHandlerMapping.java:68)
	at org.springframework.web.servlet.handler.AbstractHandlerMapping.getHandler(AbstractHandlerMapping.java:507)
	at org.springframework.web.servlet.DispatcherServlet.getHandler(DispatcherServlet.java:1284)
	at org.springframework.web.servlet.DispatcherServlet.doDispatch(DispatcherServlet.java:1065)
	at org.springframework.web.servlet.DispatcherServlet.doService(DispatcherServlet.java:979)
	at org.springframework.web.servlet.FrameworkServlet.processRequest(FrameworkServlet.java:1014)
	at org.springframework.web.servlet.FrameworkServlet.doPost(FrameworkServlet.java:914)
	at jakarta.servlet.http.HttpServlet.service(HttpServlet.java:590)
	at org.springframework.web.servlet.FrameworkServlet.service(FrameworkServlet.java:885)
	at jakarta.servlet.http.HttpServlet.service(HttpServlet.java:658)
	at org.apache.catalina.core.ApplicationFilterChain.internalDoFilter(ApplicationFilterChain.java:195)
	at org.apache.catalina.core.ApplicationFilterChain.doFilter(ApplicationFilterChain.java:140)
	at org.apache.tomcat.websocket.server.WsFilter.doFilter(WsFilter.java:51)
	at org.apache.catalina.core.ApplicationFilterChain.internalDoFilter(ApplicationFilterChain.java:164)
	at org.apache.catalina.core.ApplicationFilterChain.doFilter(ApplicationFilterChain.java:140)
	at org.springframework.web.filter.OncePerRequestFilter.doFilter(OncePerRequestFilter.java:110)
	at org.apache.catalina.core.ApplicationFilterChain.internalDoFilter(ApplicationFilterChain.java:164)
	at org.apache.catalina.core.ApplicationFilterChain.doFilter(ApplicationFilterChain.java:140)
	at org.springframework.web.filter.CompositeFilter$VirtualFilterChain.doFilter(CompositeFilter.java:108)
	at org.springframework.security.web.FilterChainProxy.lambda$doFilterInternal$3(FilterChainProxy.java:231)
	at org.springframework.security.web.ObservationFilterChainDecorator$FilterObservation$SimpleFilterObservation.lambda$wrap$1(ObservationFilterChainDecorator.java:479)
	at org.springframework.security.web.ObservationFilterChainDecorator$AroundFilterObservation$SimpleAroundFilterObservation.lambda$wrap$1(ObservationFilterChainDecorator.java:340)
	at org.springframework.security.web.ObservationFilterChainDecorator.lambda$wrapSecured$0(ObservationFilterChainDecorator.java:82)
	at org.springframework.security.web.ObservationFilterChainDecorator$VirtualFilterChain.doFilter(ObservationFilterChainDecorator.java:128)
	at org.springframework.security.web.access.intercept.AuthorizationFilter.doFilter(AuthorizationFilter.java:100)
	at org.springframework.security.web.ObservationFilterChainDecorator$ObservationFilter.wrapFilter(ObservationFilterChainDecorator.java:240)
	at org.springframework.security.web.ObservationFilterChainDecorator$ObservationFilter.doFilter(ObservationFilterChainDecorator.java:227)
	at org.springframework.security.web.ObservationFilterChainDecorator$VirtualFilterChain.doFilter(ObservationFilterChainDecorator.java:137)
	at org.springframework.security.web.access.ExceptionTranslationFilter.doFilter(ExceptionTranslationFilter.java:126)
	at org.springframework.security.web.access.ExceptionTranslationFilter.doFilter(ExceptionTranslationFilter.java:120)
	at org.springframework.security.web.ObservationFilterChainDecorator$ObservationFilter.wrapFilter(ObservationFilterChainDecorator.java:240)
	at org.springframework.security.web.ObservationFilterChainDecorator$ObservationFilter.doFilter(ObservationFilterChainDecorator.java:227)
	at org.springframework.security.web.ObservationFilterChainDecorator$VirtualFilterChain.doFilter(ObservationFilterChainDecorator.java:137)
	at org.springframework.security.web.session.SessionManagementFilter.doFilter(SessionManagementFilter.java:131)
	at org.springframework.security.web.session.SessionManagementFilter.doFilter(SessionManagementFilter.java:85)
	at org.springframework.security.web.ObservationFilterChainDecorator$ObservationFilter.wrapFilter(ObservationFilterChainDecorator.java:240)
	at org.springframework.security.web.ObservationFilterChainDecorator$ObservationFilter.doFilter(ObservationFilterChainDecorator.java:227)
	at org.springframework.security.web.ObservationFilterChainDecorator$VirtualFilterChain.doFilter(ObservationFilterChainDecorator.java:137)
	at org.springframework.security.web.authentication.AnonymousAuthenticationFilter.doFilter(AnonymousAuthenticationFilter.java:100)
	at org.springframework.security.web.ObservationFilterChainDecorator$ObservationFilter.wrapFilter(ObservationFilterChainDecorator.java:240)
	at org.springframework.security.web.ObservationFilterChainDecorator$ObservationFilter.doFilter(ObservationFilterChainDecorator.java:227)
	at org.springframework.security.web.ObservationFilterChainDecorator$VirtualFilterChain.doFilter(ObservationFilterChainDecorator.java:137)
	at org.springframework.security.web.servletapi.SecurityContextHolderAwareRequestFilter.doFilter(SecurityContextHolderAwareRequestFilter.java:179)
	at org.springframework.security.web.ObservationFilterChainDecorator$ObservationFilter.wrapFilter(ObservationFilterChainDecorator.java:240)
	at org.springframework.security.web.ObservationFilterChainDecorator$ObservationFilter.doFilter(ObservationFilterChainDecorator.java:227)
	at org.springframework.security.web.ObservationFilterChainDecorator$VirtualFilterChain.doFilter(ObservationFilterChainDecorator.java:137)
	at org.springframework.security.web.savedrequest.RequestCacheAwareFilter.doFilter(RequestCacheAwareFilter.java:63)
	at org.springframework.security.web.ObservationFilterChainDecorator$ObservationFilter.wrapFilter(ObservationFilterChainDecorator.java:240)
	at org.springframework.security.web.ObservationFilterChainDecorator$ObservationFilter.doFilter(ObservationFilterChainDecorator.java:227)
	at org.springframework.security.web.ObservationFilterChainDecorator$VirtualFilterChain.doFilter(ObservationFilterChainDecorator.java:137)
	at com.microlend.identity.security.JwtAuthenticationFilter.doFilterInternal(JwtAuthenticationFilter.java:64)
	at org.springframework.web.filter.OncePerRequestFilter.doFilter(OncePerRequestFilter.java:116)
	at org.springframework.security.web.ObservationFilterChainDecorator$ObservationFilter.wrapFilter(ObservationFilterChainDecorator.java:240)
	at org.springframework.security.web.ObservationFilterChainDecorator$ObservationFilter.doFilter(ObservationFilterChainDecorator.java:227)
	at org.springframework.security.web.ObservationFilterChainDecorator$VirtualFilterChain.doFilter(ObservationFilterChainDecorator.java:137)
	at org.springframework.security.web.authentication.logout.LogoutFilter.doFilter(LogoutFilter.java:107)
	at org.springframework.security.web.authentication.logout.LogoutFilter.doFilter(LogoutFilter.java:93)
	at org.springframework.security.web.ObservationFilterChainDecorator$ObservationFilter.wrapFilter(ObservationFilterChainDecorator.java:240)
	at org.springframework.security.web.ObservationFilterChainDecorator$ObservationFilter.doFilter(ObservationFilterChainDecorator.java:227)
	at org.springframework.security.web.ObservationFilterChainDecorator$VirtualFilterChain.doFilter(ObservationFilterChainDecorator.java:137)
	at org.springframework.security.web.header.HeaderWriterFilter.doHeadersAfter(HeaderWriterFilter.java:90)
	at org.springframework.security.web.header.HeaderWriterFilter.doFilterInternal(HeaderWriterFilter.java:75)
	at org.springframework.web.filter.OncePerRequestFilter.doFilter(OncePerRequestFilter.java:116)
	at org.springframework.security.web.ObservationFilterChainDecorator$ObservationFilter.wrapFilter(ObservationFilterChainDecorator.java:240)
	at org.springframework.security.web.ObservationFilterChainDecorator$ObservationFilter.doFilter(ObservationFilterChainDecorator.java:227)
	at org.springframework.security.web.ObservationFilterChainDecorator$VirtualFilterChain.doFilter(ObservationFilterChainDecorator.java:137)
	at org.springframework.security.web.context.SecurityContextHolderFilter.doFilter(SecurityContextHolderFilter.java:82)
	at org.springframework.security.web.context.SecurityContextHolderFilter.doFilter(SecurityContextHolderFilter.java:69)
	at org.springframework.security.web.ObservationFilterChainDecorator$ObservationFilter.wrapFilter(ObservationFilterChainDecorator.java:240)
	at org.springframework.security.web.ObservationFilterChainDecorator$ObservationFilter.doFilter(ObservationFilterChainDecorator.java:227)
	at org.springframework.security.web.ObservationFilterChainDecorator$VirtualFilterChain.doFilter(ObservationFilterChainDecorator.java:137)
	at org.springframework.security.web.context.request.async.WebAsyncManagerIntegrationFilter.doFilterInternal(WebAsyncManagerIntegrationFilter.java:62)
	at org.springframework.web.filter.OncePerRequestFilter.doFilter(OncePerRequestFilter.java:116)
	at org.springframework.security.web.ObservationFilterChainDecorator$ObservationFilter.wrapFilter(ObservationFilterChainDecorator.java:240)
	at org.springframework.security.web.ObservationFilterChainDecorator$ObservationFilter.doFilter(ObservationFilterChainDecorator.java:227)
	at org.springframework.security.web.ObservationFilterChainDecorator$VirtualFilterChain.doFilter(ObservationFilterChainDecorator.java:137)
	at org.springframework.security.web.session.DisableEncodeUrlFilter.doFilterInternal(DisableEncodeUrlFilter.java:42)
	at org.springframework.web.filter.OncePerRequestFilter.doFilter(OncePerRequestFilter.java:116)
	at org.springframework.security.web.ObservationFilterChainDecorator$ObservationFilter.wrapFilter(ObservationFilterChainDecorator.java:240)
	at org.springframework.security.web.ObservationFilterChainDecorator$AroundFilterObservation$SimpleAroundFilterObservation.lambda$wrap$0(ObservationFilterChainDecorator.java:323)
	at org.springframework.security.web.ObservationFilterChainDecorator$ObservationFilter.doFilter(ObservationFilterChainDecorator.java:224)
	at org.springframework.security.web.ObservationFilterChainDecorator$VirtualFilterChain.doFilter(ObservationFilterChainDecorator.java:137)
	at org.springframework.security.web.FilterChainProxy.doFilterInternal(FilterChainProxy.java:233)
	at org.springframework.security.web.FilterChainProxy.doFilter(FilterChainProxy.java:191)
	at org.springframework.web.filter.CompositeFilter$VirtualFilterChain.doFilter(CompositeFilter.java:113)
	at org.springframework.web.servlet.handler.HandlerMappingIntrospector.lambda$createCacheFilter$3(HandlerMappingIntrospector.java:195)
	at org.springframework.web.filter.CompositeFilter$VirtualFilterChain.doFilter(CompositeFilter.java:113)
	at org.springframework.web.filter.CompositeFilter.doFilter(CompositeFilter.java:74)
	at org.springframework.security.config.annotation.web.configuration.WebMvcSecurityConfiguration$CompositeFilterChainProxy.doFilter(WebMvcSecurityConfiguration.java:230)
	at org.springframework.web.filter.DelegatingFilterProxy.invokeDelegate(DelegatingFilterProxy.java:362)
	at org.springframework.web.filter.DelegatingFilterProxy.doFilter(DelegatingFilterProxy.java:278)
	at org.apache.catalina.core.ApplicationFilterChain.internalDoFilter(ApplicationFilterChain.java:164)
	at org.apache.catalina.core.ApplicationFilterChain.doFilter(ApplicationFilterChain.java:140)
	at org.springframework.web.filter.RequestContextFilter.doFilterInternal(RequestContextFilter.java:100)
	at org.springframework.web.filter.OncePerRequestFilter.doFilter(OncePerRequestFilter.java:116)
	at org.apache.catalina.core.ApplicationFilterChain.internalDoFilter(ApplicationFilterChain.java:164)
	at org.apache.catalina.core.ApplicationFilterChain.doFilter(ApplicationFilterChain.java:140)
	at org.springframework.web.filter.FormContentFilter.doFilterInternal(FormContentFilter.java:93)
	at org.springframework.web.filter.OncePerRequestFilter.doFilter(OncePerRequestFilter.java:116)
	at org.apache.catalina.core.ApplicationFilterChain.internalDoFilter(ApplicationFilterChain.java:164)
	at org.apache.catalina.core.ApplicationFilterChain.doFilter(ApplicationFilterChain.java:140)
	at org.springframework.web.filter.ServerHttpObservationFilter.doFilterInternal(ServerHttpObservationFilter.java:113)
	at org.springframework.web.filter.OncePerRequestFilter.doFilter(OncePerRequestFilter.java:116)
	at org.apache.catalina.core.ApplicationFilterChain.internalDoFilter(ApplicationFilterChain.java:164)
	at org.apache.catalina.core.ApplicationFilterChain.doFilter(ApplicationFilterChain.java:140)
	at org.springframework.web.filter.CharacterEncodingFilter.doFilterInternal(CharacterEncodingFilter.java:201)
	at org.springframework.web.filter.OncePerRequestFilter.doFilter(OncePerRequestFilter.java:116)
	at org.apache.catalina.core.ApplicationFilterChain.internalDoFilter(ApplicationFilterChain.java:164)
	at org.apache.catalina.core.ApplicationFilterChain.doFilter(ApplicationFilterChain.java:140)
	at com.microlend.common.CorrelationIdFilter.doFilterInternal(CorrelationIdFilter.java:42)
	at org.springframework.web.filter.OncePerRequestFilter.doFilter(OncePerRequestFilter.java:116)
	at org.apache.catalina.core.ApplicationFilterChain.internalDoFilter(ApplicationFilterChain.java:164)
	at org.apache.catalina.core.ApplicationFilterChain.doFilter(ApplicationFilterChain.java:140)
	at org.apache.catalina.core.StandardWrapperValve.invoke(StandardWrapperValve.java:167)
	at org.apache.catalina.core.StandardContextValve.invoke(StandardContextValve.java:90)
	at org.apache.catalina.authenticator.AuthenticatorBase.invoke(AuthenticatorBase.java:483)
	at org.apache.catalina.core.StandardHostValve.invoke(StandardHostValve.java:115)
	at org.apache.catalina.valves.ErrorReportValve.invoke(ErrorReportValve.java:93)
	at org.apache.catalina.core.StandardEngineValve.invoke(StandardEngineValve.java:74)
	at org.apache.catalina.connector.CoyoteAdapter.service(CoyoteAdapter.java:344)
	at org.apache.coyote.http11.Http11Processor.service(Http11Processor.java:384)
	at org.apache.coyote.AbstractProcessorLight.process(AbstractProcessorLight.java:63)
	at org.apache.coyote.AbstractProtocol$ConnectionHandler.process(AbstractProtocol.java:905)
	at org.apache.tomcat.util.net.NioEndpoint$SocketProcessor.doRun(NioEndpoint.java:1741)
	at org.apache.tomcat.util.net.SocketProcessorBase.run(SocketProcessorBase.java:52)
	at org.apache.tomcat.util.threads.ThreadPoolExecutor.runWorker(ThreadPoolExecutor.java:1190)
	at org.apache.tomcat.util.threads.ThreadPoolExecutor$Worker.run(ThreadPoolExecutor.java:659)
	at org.apache.tomcat.util.threads.TaskThread$WrappingRunnable.run(TaskThread.java:63)
	at java.base/java.lang.Thread.run(Thread.java:1583)
2026-07-27 09:36:21.306 [SpringApplicationShutdownHook] INFO  [cid=none] o.s.o.j.LocalContainerEntityManagerFactoryBean - Closing JPA EntityManagerFactory for persistence unit 'default'
2026-07-27 09:36:21.310 [SpringApplicationShutdownHook] INFO  [cid=none] com.zaxxer.hikari.HikariDataSource - HikariPool-1 - Shutdown initiated...
2026-07-27 09:36:21.323 [SpringApplicationShutdownHook] INFO  [cid=none] com.zaxxer.hikari.HikariDataSource - HikariPool-1 - Shutdown completed.
2026-07-27 09:38:45.960 [background-preinit] INFO  [cid=none] o.h.validator.internal.util.Version - HV000001: Hibernate Validator 8.0.1.Final
2026-07-27 09:38:46.110 [main] INFO  [cid=none] com.microlend.MicroLendApplication - Starting MicroLendApplication using Java 21.0.2 with PID 26024 (C:\Users\2503700\OneDrive - Cognizant\Desktop\Microlend\backend\target\classes started by 2503700 in C:\Users\2503700\OneDrive - Cognizant\Desktop\Microlend)
2026-07-27 09:38:46.112 [main] INFO  [cid=none] com.microlend.MicroLendApplication - The following 1 profile is active: "dev"
2026-07-27 09:38:50.302 [main] INFO  [cid=none] o.s.d.r.c.RepositoryConfigurationDelegate - Bootstrapping Spring Data JPA repositories in DEFAULT mode.
2026-07-27 09:38:50.617 [main] INFO  [cid=none] o.s.d.r.c.RepositoryConfigurationDelegate - Finished Spring Data repository scanning in 292 ms. Found 18 JPA repository interfaces.
2026-07-27 09:38:52.396 [main] INFO  [cid=none] o.s.b.w.e.tomcat.TomcatWebServer - Tomcat initialized with port 8090 (http)
2026-07-27 09:38:52.431 [main] INFO  [cid=none] o.a.coyote.http11.Http11NioProtocol - Initializing ProtocolHandler ["http-nio-8090"]
2026-07-27 09:38:52.440 [main] INFO  [cid=none] o.a.catalina.core.StandardService - Starting service [Tomcat]
2026-07-27 09:38:52.440 [main] INFO  [cid=none] o.a.catalina.core.StandardEngine - Starting Servlet engine: [Apache Tomcat/10.1.31]
2026-07-27 09:38:52.605 [main] INFO  [cid=none] o.a.c.c.C.[Tomcat].[localhost].[/] - Initializing Spring embedded WebApplicationContext
2026-07-27 09:38:52.608 [main] INFO  [cid=none] o.s.b.w.s.c.ServletWebServerApplicationContext - Root WebApplicationContext: initialization completed in 6332 ms
2026-07-27 09:38:54.003 [main] INFO  [cid=none] o.h.jpa.internal.util.LogHelper - HHH000204: Processing PersistenceUnitInfo [name: default]
2026-07-27 09:38:54.482 [main] INFO  [cid=none] org.hibernate.Version - HHH000412: Hibernate ORM core version 6.5.3.Final
2026-07-27 09:38:54.676 [main] INFO  [cid=none] o.h.c.i.RegionFactoryInitiator - HHH000026: Second-level cache disabled
2026-07-27 09:38:56.019 [main] INFO  [cid=none] o.s.o.j.p.SpringPersistenceUnitInfo - No LoadTimeWeaver setup: ignoring JPA class transformer
2026-07-27 09:38:56.091 [main] INFO  [cid=none] com.zaxxer.hikari.HikariDataSource - HikariPool-1 - Starting...
2026-07-27 09:38:56.397 [main] INFO  [cid=none] com.zaxxer.hikari.pool.HikariPool - HikariPool-1 - Added connection com.mysql.cj.jdbc.ConnectionImpl@8167f57
2026-07-27 09:38:56.416 [main] INFO  [cid=none] com.zaxxer.hikari.HikariDataSource - HikariPool-1 - Start completed.
2026-07-27 09:38:58.582 [main] INFO  [cid=none] o.h.e.t.j.p.i.JtaPlatformInitiator - HHH000489: No JTA platform available (set 'hibernate.transaction.jta.platform' to enable JTA platform integration)
2026-07-27 09:38:59.502 [main] INFO  [cid=none] o.s.o.j.LocalContainerEntityManagerFactoryBean - Initialized JPA EntityManagerFactory for persistence unit 'default'
2026-07-27 09:39:00.553 [main] INFO  [cid=none] o.s.d.j.r.query.QueryEnhancerFactory - Hibernate is in classpath; If applicable, HQL parser will be used.
2026-07-27 09:39:02.567 [main] INFO  [cid=none] c.m.b.service.KycStorageService - KYC storage root: C:\Users\2503700\OneDrive - Cognizant\Desktop\Microlend\uploads\kyc
2026-07-27 09:39:03.630 [main] WARN  [cid=none] o.s.b.a.s.s.UserDetailsServiceAutoConfiguration - 

Using generated security password: 4f23c157-3a59-43cc-aa82-aaf55b0d83fd

This generated password is for development use only. Your security configuration must be updated before running your application in production.

2026-07-27 09:39:03.644 [main] INFO  [cid=none] o.s.s.c.a.a.c.InitializeUserDetailsBeanManagerConfigurer$InitializeUserDetailsManagerConfigurer - Global AuthenticationManager configured with UserDetailsService bean with name inMemoryUserDetailsManager
2026-07-27 09:39:04.678 [main] INFO  [cid=none] o.s.b.a.e.web.EndpointLinksResolver - Exposing 2 endpoints beneath base path '/actuator'
2026-07-27 09:39:06.030 [main] INFO  [cid=none] o.a.coyote.http11.Http11NioProtocol - Starting ProtocolHandler ["http-nio-8090"]
2026-07-27 09:39:06.069 [main] INFO  [cid=none] o.s.b.w.e.tomcat.TomcatWebServer - Tomcat started on port 8090 (http) with context path '/'
2026-07-27 09:39:06.095 [main] INFO  [cid=none] com.microlend.MicroLendApplication - Started MicroLendApplication in 21.015 seconds (process running for 21.581)
2026-07-27 09:39:06.509 [main] INFO  [cid=none] c.m.identity.bootstrap.DataSeeder - DataSeeder: seed users already present, nothing to create.
2026-07-27 09:39:09.072 [http-nio-8090-exec-1] INFO  [cid=none] o.a.c.c.C.[Tomcat].[localhost].[/] - Initializing Spring DispatcherServlet 'dispatcherServlet'
2026-07-27 09:39:09.072 [http-nio-8090-exec-1] INFO  [cid=none] o.s.web.servlet.DispatcherServlet - Initializing Servlet 'dispatcherServlet'
2026-07-27 09:39:09.075 [http-nio-8090-exec-1] INFO  [cid=none] o.s.web.servlet.DispatcherServlet - Completed initialization in 2 ms
2026-07-27 09:41:44.634 [http-nio-8090-exec-7] INFO  [cid=76d11c3b] c.m.audit.service.LocalAuditService - AUDIT module=AUTH action=LOGIN_FAILED userId=7
2026-07-27 09:41:52.258 [http-nio-8090-exec-4] INFO  [cid=b283d6a1] c.m.audit.service.LocalAuditService - AUDIT module=AUTH action=LOGIN_FAILED userId=7
2026-07-27 09:42:38.649 [http-nio-8090-exec-9] INFO  [cid=6b0cf83c] c.m.audit.service.LocalAuditService - AUDIT module=AUTH action=LOGIN_SUCCESS userId=1
2026-07-27 09:43:33.284 [http-nio-8090-exec-5] INFO  [cid=6c411e9b] c.m.audit.service.LocalAuditService - AUDIT module=AUTH action=LOGIN_SUCCESS_FORCE_RESET userId=8
2026-07-27 09:43:46.067 [http-nio-8090-exec-3] INFO  [cid=bf32cf03] c.m.audit.service.LocalAuditService - AUDIT module=AUTH action=PASSWORD_RESET_COMPLETED userId=8
2026-07-27 09:43:50.807 [http-nio-8090-exec-1] INFO  [cid=c12c6b10] c.m.audit.service.LocalAuditService - AUDIT module=AUTH action=LOGIN_SUCCESS userId=1
2026-07-27 09:45:03.362 [SpringApplicationShutdownHook] INFO  [cid=none] o.s.o.j.LocalContainerEntityManagerFactoryBean - Closing JPA EntityManagerFactory for persistence unit 'default'
2026-07-27 09:45:03.364 [SpringApplicationShutdownHook] INFO  [cid=none] com.zaxxer.hikari.HikariDataSource - HikariPool-1 - Shutdown initiated...
2026-07-27 09:45:03.378 [SpringApplicationShutdownHook] INFO  [cid=none] com.zaxxer.hikari.HikariDataSource - HikariPool-1 - Shutdown completed.
2026-07-27 11:47:40.555 [background-preinit] INFO  [cid=none] o.h.validator.internal.util.Version - HV000001: Hibernate Validator 8.0.1.Final
2026-07-27 11:47:40.643 [main] INFO  [cid=none] com.microlend.MicroLendApplication - Starting MicroLendApplication using Java 21.0.2 with PID 21500 (C:\Users\2503700\OneDrive - Cognizant\Desktop\Microlend\backend\target\classes started by 2503700 in C:\Users\2503700\OneDrive - Cognizant\Desktop\Microlend)
2026-07-27 11:47:40.643 [main] INFO  [cid=none] com.microlend.MicroLendApplication - The following 1 profile is active: "dev"
2026-07-27 11:47:43.016 [main] INFO  [cid=none] o.s.d.r.c.RepositoryConfigurationDelegate - Bootstrapping Spring Data JPA repositories in DEFAULT mode.
2026-07-27 11:47:43.285 [main] INFO  [cid=none] o.s.d.r.c.RepositoryConfigurationDelegate - Finished Spring Data repository scanning in 248 ms. Found 18 JPA repository interfaces.
2026-07-27 11:47:45.109 [main] INFO  [cid=none] o.s.b.w.e.tomcat.TomcatWebServer - Tomcat initialized with port 8090 (http)
2026-07-27 11:47:45.122 [main] INFO  [cid=none] o.a.coyote.http11.Http11NioProtocol - Initializing ProtocolHandler ["http-nio-8090"]
2026-07-27 11:47:45.128 [main] INFO  [cid=none] o.a.catalina.core.StandardService - Starting service [Tomcat]
2026-07-27 11:47:45.128 [main] INFO  [cid=none] o.a.catalina.core.StandardEngine - Starting Servlet engine: [Apache Tomcat/10.1.31]
2026-07-27 11:47:45.228 [main] INFO  [cid=none] o.a.c.c.C.[Tomcat].[localhost].[/] - Initializing Spring embedded WebApplicationContext
2026-07-27 11:47:45.232 [main] INFO  [cid=none] o.s.b.w.s.c.ServletWebServerApplicationContext - Root WebApplicationContext: initialization completed in 4490 ms
2026-07-27 11:47:45.918 [main] INFO  [cid=none] o.h.jpa.internal.util.LogHelper - HHH000204: Processing PersistenceUnitInfo [name: default]
2026-07-27 11:47:46.048 [main] INFO  [cid=none] org.hibernate.Version - HHH000412: Hibernate ORM core version 6.5.3.Final
2026-07-27 11:47:46.113 [main] INFO  [cid=none] o.h.c.i.RegionFactoryInitiator - HHH000026: Second-level cache disabled
2026-07-27 11:47:46.545 [main] INFO  [cid=none] o.s.o.j.p.SpringPersistenceUnitInfo - No LoadTimeWeaver setup: ignoring JPA class transformer
2026-07-27 11:47:46.617 [main] INFO  [cid=none] com.zaxxer.hikari.HikariDataSource - HikariPool-1 - Starting...
2026-07-27 11:47:46.868 [main] INFO  [cid=none] com.zaxxer.hikari.pool.HikariPool - HikariPool-1 - Added connection com.mysql.cj.jdbc.ConnectionImpl@6b15e68c
2026-07-27 11:47:46.868 [main] INFO  [cid=none] com.zaxxer.hikari.HikariDataSource - HikariPool-1 - Start completed.
2026-07-27 11:47:48.416 [main] INFO  [cid=none] o.h.e.t.j.p.i.JtaPlatformInitiator - HHH000489: No JTA platform available (set 'hibernate.transaction.jta.platform' to enable JTA platform integration)
2026-07-27 11:47:49.353 [main] INFO  [cid=none] o.s.o.j.LocalContainerEntityManagerFactoryBean - Initialized JPA EntityManagerFactory for persistence unit 'default'
2026-07-27 11:47:50.361 [main] INFO  [cid=none] o.s.d.j.r.query.QueryEnhancerFactory - Hibernate is in classpath; If applicable, HQL parser will be used.
2026-07-27 11:47:51.385 [main] INFO  [cid=none] c.m.b.service.KycStorageService - KYC storage root: C:\Users\2503700\OneDrive - Cognizant\Desktop\Microlend\uploads\kyc
2026-07-27 11:47:52.444 [main] WARN  [cid=none] o.s.b.a.s.s.UserDetailsServiceAutoConfiguration - 

Using generated security password: aa051079-f6a6-496a-a6ac-abf386e8322f

This generated password is for development use only. Your security configuration must be updated before running your application in production.

2026-07-27 11:47:52.464 [main] INFO  [cid=none] o.s.s.c.a.a.c.InitializeUserDetailsBeanManagerConfigurer$InitializeUserDetailsManagerConfigurer - Global AuthenticationManager configured with UserDetailsService bean with name inMemoryUserDetailsManager
2026-07-27 11:47:53.266 [main] INFO  [cid=none] o.s.b.a.e.web.EndpointLinksResolver - Exposing 2 endpoints beneath base path '/actuator'
2026-07-27 11:47:54.468 [main] INFO  [cid=none] o.a.coyote.http11.Http11NioProtocol - Starting ProtocolHandler ["http-nio-8090"]
2026-07-27 11:47:54.509 [main] INFO  [cid=none] o.s.b.w.e.tomcat.TomcatWebServer - Tomcat started on port 8090 (http) with context path '/'
2026-07-27 11:47:54.531 [main] INFO  [cid=none] com.microlend.MicroLendApplication - Started MicroLendApplication in 14.896 seconds (process running for 15.784)
2026-07-27 11:47:54.955 [main] INFO  [cid=none] c.m.identity.bootstrap.DataSeeder - DataSeeder: seed users already present, nothing to create.
2026-07-27 11:48:26.413 [http-nio-8090-exec-1] INFO  [cid=none] o.a.c.c.C.[Tomcat].[localhost].[/] - Initializing Spring DispatcherServlet 'dispatcherServlet'
2026-07-27 11:48:26.415 [http-nio-8090-exec-1] INFO  [cid=none] o.s.web.servlet.DispatcherServlet - Initializing Servlet 'dispatcherServlet'
2026-07-27 11:48:26.422 [http-nio-8090-exec-1] INFO  [cid=none] o.s.web.servlet.DispatcherServlet - Completed initialization in 7 ms
2026-07-27 11:48:28.190 [http-nio-8090-exec-1] INFO  [cid=e4aad592] c.m.audit.service.LocalAuditService - AUDIT module=AUTH action=LOGIN_SUCCESS userId=1
2026-07-27 11:51:54.248 [http-nio-8090-exec-6] INFO  [cid=cdc1488a] c.m.audit.service.LocalAuditService - AUDIT module=LOAN_PRODUCT action=LOAN_PRODUCT_CREATED userId=1
2026-07-27 11:53:41.946 [http-nio-8090-exec-2] INFO  [cid=5d416ba1] c.m.audit.service.LocalAuditService - AUDIT module=LOAN_PRODUCT action=LOAN_PRODUCT_UPDATED userId=1
2026-07-27 11:54:29.684 [http-nio-8090-exec-5] INFO  [cid=3d4c78fb] c.m.audit.service.LocalAuditService - AUDIT module=LOAN_PRODUCT action=LOAN_PRODUCT_CREATED userId=1
2026-07-27 12:10:18.326 [SpringApplicationShutdownHook] INFO  [cid=none] o.s.o.j.LocalContainerEntityManagerFactoryBean - Closing JPA EntityManagerFactory for persistence unit 'default'
2026-07-27 12:10:18.332 [SpringApplicationShutdownHook] INFO  [cid=none] com.zaxxer.hikari.HikariDataSource - HikariPool-1 - Shutdown initiated...
2026-07-27 12:10:18.367 [SpringApplicationShutdownHook] INFO  [cid=none] com.zaxxer.hikari.HikariDataSource - HikariPool-1 - Shutdown completed.
2026-07-27 12:10:24.763 [background-preinit] INFO  [cid=none] o.h.validator.internal.util.Version - HV000001: Hibernate Validator 8.0.1.Final
2026-07-27 12:10:24.856 [main] INFO  [cid=none] com.microlend.MicroLendApplication - Starting MicroLendApplication using Java 21.0.2 with PID 27660 (C:\Users\2503700\OneDrive - Cognizant\Desktop\Microlend\backend\target\classes started by 2503700 in C:\Users\2503700\OneDrive - Cognizant\Desktop\Microlend)
2026-07-27 12:10:24.858 [main] INFO  [cid=none] com.microlend.MicroLendApplication - The following 1 profile is active: "dev"
2026-07-27 12:10:27.155 [main] INFO  [cid=none] o.s.d.r.c.RepositoryConfigurationDelegate - Bootstrapping Spring Data JPA repositories in DEFAULT mode.
2026-07-27 12:10:27.429 [main] INFO  [cid=none] o.s.d.r.c.RepositoryConfigurationDelegate - Finished Spring Data repository scanning in 253 ms. Found 18 JPA repository interfaces.
2026-07-27 12:10:28.979 [main] INFO  [cid=none] o.s.b.w.e.tomcat.TomcatWebServer - Tomcat initialized with port 8090 (http)
2026-07-27 12:10:29.000 [main] INFO  [cid=none] o.a.coyote.http11.Http11NioProtocol - Initializing ProtocolHandler ["http-nio-8090"]
2026-07-27 12:10:29.007 [main] INFO  [cid=none] o.a.catalina.core.StandardService - Starting service [Tomcat]
2026-07-27 12:10:29.008 [main] INFO  [cid=none] o.a.catalina.core.StandardEngine - Starting Servlet engine: [Apache Tomcat/10.1.31]
2026-07-27 12:10:29.162 [main] INFO  [cid=none] o.a.c.c.C.[Tomcat].[localhost].[/] - Initializing Spring embedded WebApplicationContext
2026-07-27 12:10:29.165 [main] INFO  [cid=none] o.s.b.w.s.c.ServletWebServerApplicationContext - Root WebApplicationContext: initialization completed in 4207 ms
2026-07-27 12:10:29.985 [main] INFO  [cid=none] o.h.jpa.internal.util.LogHelper - HHH000204: Processing PersistenceUnitInfo [name: default]
2026-07-27 12:10:30.146 [main] INFO  [cid=none] org.hibernate.Version - HHH000412: Hibernate ORM core version 6.5.3.Final
2026-07-27 12:10:30.209 [main] INFO  [cid=none] o.h.c.i.RegionFactoryInitiator - HHH000026: Second-level cache disabled
2026-07-27 12:10:30.688 [main] INFO  [cid=none] o.s.o.j.p.SpringPersistenceUnitInfo - No LoadTimeWeaver setup: ignoring JPA class transformer
2026-07-27 12:10:30.744 [main] INFO  [cid=none] com.zaxxer.hikari.HikariDataSource - HikariPool-1 - Starting...
2026-07-27 12:10:30.995 [main] INFO  [cid=none] com.zaxxer.hikari.pool.HikariPool - HikariPool-1 - Added connection com.mysql.cj.jdbc.ConnectionImpl@1826475
2026-07-27 12:10:30.997 [main] INFO  [cid=none] com.zaxxer.hikari.HikariDataSource - HikariPool-1 - Start completed.
2026-07-27 12:10:32.625 [main] INFO  [cid=none] o.h.e.t.j.p.i.JtaPlatformInitiator - HHH000489: No JTA platform available (set 'hibernate.transaction.jta.platform' to enable JTA platform integration)
2026-07-27 12:10:33.643 [main] INFO  [cid=none] o.s.o.j.LocalContainerEntityManagerFactoryBean - Initialized JPA EntityManagerFactory for persistence unit 'default'
2026-07-27 12:10:34.978 [main] INFO  [cid=none] o.s.d.j.r.query.QueryEnhancerFactory - Hibernate is in classpath; If applicable, HQL parser will be used.
2026-07-27 12:10:36.334 [main] INFO  [cid=none] c.m.b.service.KycStorageService - KYC storage root: C:\Users\2503700\OneDrive - Cognizant\Desktop\Microlend\uploads\kyc
2026-07-27 12:10:37.272 [main] WARN  [cid=none] o.s.b.a.s.s.UserDetailsServiceAutoConfiguration - 

Using generated security password: b35df763-1a75-4a19-8756-142444f760b1

This generated password is for development use only. Your security configuration must be updated before running your application in production.

2026-07-27 12:10:37.289 [main] INFO  [cid=none] o.s.s.c.a.a.c.InitializeUserDetailsBeanManagerConfigurer$InitializeUserDetailsManagerConfigurer - Global AuthenticationManager configured with UserDetailsService bean with name inMemoryUserDetailsManager
2026-07-27 12:10:38.199 [main] INFO  [cid=none] o.s.b.a.e.web.EndpointLinksResolver - Exposing 2 endpoints beneath base path '/actuator'
2026-07-27 12:10:39.332 [main] INFO  [cid=none] o.a.coyote.http11.Http11NioProtocol - Starting ProtocolHandler ["http-nio-8090"]
2026-07-27 12:10:39.381 [main] INFO  [cid=none] o.s.b.w.e.tomcat.TomcatWebServer - Tomcat started on port 8090 (http) with context path '/'
2026-07-27 12:10:39.416 [main] INFO  [cid=none] com.microlend.MicroLendApplication - Started MicroLendApplication in 15.47 seconds (process running for 16.187)
2026-07-27 12:10:39.800 [main] INFO  [cid=none] c.m.identity.bootstrap.DataSeeder - DataSeeder: seed users already present, nothing to create.
2026-07-27 12:10:58.615 [http-nio-8090-exec-1] INFO  [cid=none] o.a.c.c.C.[Tomcat].[localhost].[/] - Initializing Spring DispatcherServlet 'dispatcherServlet'
2026-07-27 12:10:58.631 [http-nio-8090-exec-1] INFO  [cid=none] o.s.web.servlet.DispatcherServlet - Initializing Servlet 'dispatcherServlet'
2026-07-27 12:10:58.631 [http-nio-8090-exec-1] INFO  [cid=none] o.s.web.servlet.DispatcherServlet - Completed initialization in 0 ms
2026-07-27 12:12:45.252 [http-nio-8090-exec-6] INFO  [cid=53c3b016] c.m.audit.service.LocalAuditService - AUDIT module=AUTH action=LOGIN_SUCCESS_FORCE_RESET userId=10
2026-07-27 12:13:28.769 [http-nio-8090-exec-7] INFO  [cid=2ace1b3a] c.m.audit.service.LocalAuditService - AUDIT module=AUTH action=PASSWORD_RESET_COMPLETED userId=10
2026-07-27 12:13:46.574 [http-nio-8090-exec-5] INFO  [cid=52e2d85f] c.m.audit.service.LocalAuditService - AUDIT module=AUTH action=LOGIN_SUCCESS userId=1
2026-07-27 12:14:23.550 [http-nio-8090-exec-1] INFO  [cid=25ed95d0] c.m.audit.service.LocalAuditService - AUDIT module=DELINQUENCY action=DELINQUENCY_SCAN userId=1
2026-07-27 12:14:23.571 [http-nio-8090-exec-1] INFO  [cid=25ed95d0] c.m.d.service.DelinquencyService - Delinquency scan complete: ScanResultResponse[installmentsMarkedOverdue=0, accountsScanned=0, casesOpened=0, casesUpdated=0, casesResolved=0]
2026-07-27 12:14:41.406 [http-nio-8090-exec-7] INFO  [cid=76e04d5d] c.m.audit.service.LocalAuditService - AUDIT module=AUTH action=LOGIN_FAILED userId=2
2026-07-27 12:14:48.874 [http-nio-8090-exec-9] INFO  [cid=30951ebe] c.m.audit.service.LocalAuditService - AUDIT module=AUTH action=LOGIN_SUCCESS_FORCE_RESET userId=2
2026-07-27 12:14:58.740 [http-nio-8090-exec-1] INFO  [cid=597a5500] c.m.audit.service.LocalAuditService - AUDIT module=AUTH action=PASSWORD_RESET_COMPLETED userId=2
2026-07-27 12:17:47.224 [http-nio-8090-exec-9] INFO  [cid=174c924a] c.m.audit.service.LocalAuditService - AUDIT module=CENTRE action=CENTRE_CREATED userId=2
2026-07-27 12:19:19.382 [http-nio-8090-exec-7] INFO  [cid=74a07f80] c.m.audit.service.LocalAuditService - AUDIT module=BORROWER action=BORROWER_REGISTERED userId=2
2026-07-27 12:19:52.916 [http-nio-8090-exec-10] INFO  [cid=62e4fbba] c.m.audit.service.LocalAuditService - AUDIT module=KYC action=KYC_UPLOADED userId=2
2026-07-27 12:20:14.959 [http-nio-8090-exec-6] INFO  [cid=60cc0336] c.m.audit.service.LocalAuditService - AUDIT module=AUTH action=LOGIN_FAILED userId=3
2026-07-27 12:20:20.631 [http-nio-8090-exec-8] INFO  [cid=a9b74ade] c.m.audit.service.LocalAuditService - AUDIT module=AUTH action=LOGIN_SUCCESS_FORCE_RESET userId=3
2026-07-27 12:20:31.659 [http-nio-8090-exec-7] INFO  [cid=3576de5e] c.m.audit.service.LocalAuditService - AUDIT module=AUTH action=PASSWORD_RESET_COMPLETED userId=3
2026-07-27 12:21:08.447 [http-nio-8090-exec-10] INFO  [cid=4f6977c1] c.m.audit.service.LocalAuditService - AUDIT module=KYC action=KYC_VERIFIED userId=3
2026-07-27 12:22:23.337 [http-nio-8090-exec-5] INFO  [cid=3279f928] c.m.audit.service.LocalAuditService - AUDIT module=AUTH action=LOGIN_SUCCESS userId=2
2026-07-27 12:22:46.345 [http-nio-8090-exec-3] INFO  [cid=334acea0] c.m.audit.service.LocalAuditService - AUDIT module=LOAN_APPLICATION action=LOAN_APPLICATION_SUBMITTED userId=2
2026-07-27 12:22:54.997 [http-nio-8090-exec-2] INFO  [cid=2a1e3516] c.m.audit.service.LocalAuditService - AUDIT module=AUTH action=LOGIN_SUCCESS userId=3
2026-07-27 12:24:58.261 [http-nio-8090-exec-6] INFO  [cid=f652c131] c.m.audit.service.LocalAuditService - AUDIT module=LOAN_APPLICATION action=LOAN_APPLICATION_WAITLISTED userId=3
2026-07-27 12:25:14.176 [http-nio-8090-exec-7] INFO  [cid=6bd4a873] c.m.audit.service.LocalAuditService - AUDIT module=LOAN_APPLICATION action=LOAN_APPLICATION_APPROVED userId=3
2026-07-27 12:25:45.088 [http-nio-8090-exec-1] INFO  [cid=02f715bd] c.m.audit.service.LocalAuditService - AUDIT module=AUTH action=LOGIN_FAILED userId=11
2026-07-27 12:25:49.177 [http-nio-8090-exec-6] INFO  [cid=6ee736e1] c.m.audit.service.LocalAuditService - AUDIT module=AUTH action=LOGIN_FAILED userId=11
2026-07-27 12:25:59.117 [http-nio-8090-exec-8] INFO  [cid=db8900a6] c.m.audit.service.LocalAuditService - AUDIT module=AUTH action=LOGIN_FAILED userId=11
2026-07-27 12:26:10.080 [http-nio-8090-exec-9] INFO  [cid=8dc8988d] c.m.audit.service.LocalAuditService - AUDIT module=AUTH action=LOGIN_SUCCESS_FORCE_RESET userId=11
2026-07-27 12:26:21.818 [http-nio-8090-exec-7] INFO  [cid=b1d27ca4] c.m.audit.service.LocalAuditService - AUDIT module=AUTH action=PASSWORD_RESET_COMPLETED userId=11
2026-07-27 12:26:43.228 [http-nio-8090-exec-4] INFO  [cid=1dc0d26f] c.m.audit.service.LocalAuditService - AUDIT module=LOAN_ACCOUNT action=SANCTION_ACCEPTED_LOAN_DISBURSED userId=11
2026-07-27 12:28:52.533 [http-nio-8090-exec-4] INFO  [cid=77466878] c.m.audit.service.LocalAuditService - AUDIT module=AUTH action=LOGIN_FAILED userId=3
2026-07-27 12:28:56.666 [http-nio-8090-exec-3] INFO  [cid=9c7ce54a] c.m.audit.service.LocalAuditService - AUDIT module=AUTH action=LOGIN_FAILED userId=3
2026-07-27 12:29:01.649 [http-nio-8090-exec-10] INFO  [cid=4f390509] c.m.audit.service.LocalAuditService - AUDIT module=AUTH action=LOGIN_SUCCESS userId=3
2026-07-27 12:29:22.148 [http-nio-8090-exec-1] INFO  [cid=79fd25be] c.m.audit.service.LocalAuditService - AUDIT module=AUTH action=LOGIN_SUCCESS userId=2
2026-07-27 12:31:24.470 [http-nio-8090-exec-6] INFO  [cid=35706295] c.m.audit.service.LocalAuditService - AUDIT module=AUTH action=LOGIN_FAILED userId=1
2026-07-27 12:31:32.019 [http-nio-8090-exec-7] INFO  [cid=cb308028] c.m.audit.service.LocalAuditService - AUDIT module=AUTH action=LOGIN_FAILED userId=1
2026-07-27 12:31:47.136 [http-nio-8090-exec-8] INFO  [cid=2fa35c79] c.m.audit.service.LocalAuditService - AUDIT module=AUTH action=LOGIN_FAILED userId=1
2026-07-27 12:31:49.539 [http-nio-8090-exec-5] INFO  [cid=e23ff6bd] c.m.audit.service.LocalAuditService - AUDIT module=AUTH action=LOGIN_SUCCESS userId=1
2026-07-27 12:34:49.642 [http-nio-8090-exec-7] INFO  [cid=bf341b32] c.m.audit.service.LocalAuditService - AUDIT module=AUTH action=LOGIN_SUCCESS userId=11
2026-07-27 12:35:16.977 [http-nio-8090-exec-4] INFO  [cid=ab8fb909] c.m.audit.service.LocalAuditService - AUDIT module=AUTH action=LOGIN_SUCCESS userId=1
2026-07-27 12:35:41.218 [http-nio-8090-exec-7] INFO  [cid=92755849] c.m.audit.service.LocalAuditService - AUDIT module=AUTH action=LOGIN_SUCCESS userId=11
2026-07-27 12:37:08.829 [SpringApplicationShutdownHook] INFO  [cid=none] o.s.o.j.LocalContainerEntityManagerFactoryBean - Closing JPA EntityManagerFactory for persistence unit 'default'
2026-07-27 12:37:08.839 [SpringApplicationShutdownHook] INFO  [cid=none] com.zaxxer.hikari.HikariDataSource - HikariPool-1 - Shutdown initiated...
2026-07-27 12:37:08.874 [SpringApplicationShutdownHook] INFO  [cid=none] com.zaxxer.hikari.HikariDataSource - HikariPool-1 - Shutdown completed.
2026-07-27 13:27:38.289 [background-preinit] INFO  [cid=none] o.h.validator.internal.util.Version - HV000001: Hibernate Validator 8.0.1.Final
2026-07-27 13:27:38.413 [main] INFO  [cid=none] com.microlend.MicroLendApplication - Starting MicroLendApplication using Java 21.0.2 with PID 32420 (C:\Users\2503700\OneDrive - Cognizant\Desktop\Microlend\backend\target\classes started by 2503700 in C:\Users\2503700\OneDrive - Cognizant\Desktop\Microlend)
2026-07-27 13:27:38.415 [main] INFO  [cid=none] com.microlend.MicroLendApplication - The following 1 profile is active: "dev"
2026-07-27 13:27:41.092 [main] INFO  [cid=none] o.s.d.r.c.RepositoryConfigurationDelegate - Bootstrapping Spring Data JPA repositories in DEFAULT mode.
2026-07-27 13:27:41.344 [main] INFO  [cid=none] o.s.d.r.c.RepositoryConfigurationDelegate - Finished Spring Data repository scanning in 239 ms. Found 18 JPA repository interfaces.
2026-07-27 13:27:43.770 [main] INFO  [cid=none] o.s.b.w.e.tomcat.TomcatWebServer - Tomcat initialized with port 8090 (http)
2026-07-27 13:27:43.795 [main] INFO  [cid=none] o.a.coyote.http11.Http11NioProtocol - Initializing ProtocolHandler ["http-nio-8090"]
2026-07-27 13:27:43.803 [main] INFO  [cid=none] o.a.catalina.core.StandardService - Starting service [Tomcat]
2026-07-27 13:27:43.803 [main] INFO  [cid=none] o.a.catalina.core.StandardEngine - Starting Servlet engine: [Apache Tomcat/10.1.31]
2026-07-27 13:27:43.946 [main] INFO  [cid=none] o.a.c.c.C.[Tomcat].[localhost].[/] - Initializing Spring embedded WebApplicationContext
2026-07-27 13:27:43.946 [main] INFO  [cid=none] o.s.b.w.s.c.ServletWebServerApplicationContext - Root WebApplicationContext: initialization completed in 5426 ms
2026-07-27 13:27:44.921 [main] INFO  [cid=none] o.h.jpa.internal.util.LogHelper - HHH000204: Processing PersistenceUnitInfo [name: default]
2026-07-27 13:27:45.095 [main] INFO  [cid=none] org.hibernate.Version - HHH000412: Hibernate ORM core version 6.5.3.Final
2026-07-27 13:27:45.181 [main] INFO  [cid=none] o.h.c.i.RegionFactoryInitiator - HHH000026: Second-level cache disabled
2026-07-27 13:27:45.762 [main] INFO  [cid=none] o.s.o.j.p.SpringPersistenceUnitInfo - No LoadTimeWeaver setup: ignoring JPA class transformer
2026-07-27 13:27:45.829 [main] INFO  [cid=none] com.zaxxer.hikari.HikariDataSource - HikariPool-1 - Starting...
2026-07-27 13:27:46.095 [main] INFO  [cid=none] com.zaxxer.hikari.pool.HikariPool - HikariPool-1 - Added connection com.mysql.cj.jdbc.ConnectionImpl@541897c6
2026-07-27 13:27:46.105 [main] INFO  [cid=none] com.zaxxer.hikari.HikariDataSource - HikariPool-1 - Start completed.
2026-07-27 13:27:48.147 [main] INFO  [cid=none] o.h.e.t.j.p.i.JtaPlatformInitiator - HHH000489: No JTA platform available (set 'hibernate.transaction.jta.platform' to enable JTA platform integration)
2026-07-27 13:27:49.040 [main] INFO  [cid=none] o.s.o.j.LocalContainerEntityManagerFactoryBean - Initialized JPA EntityManagerFactory for persistence unit 'default'
2026-07-27 13:27:50.354 [main] INFO  [cid=none] o.s.d.j.r.query.QueryEnhancerFactory - Hibernate is in classpath; If applicable, HQL parser will be used.
2026-07-27 13:27:51.957 [main] INFO  [cid=none] c.m.b.service.KycStorageService - KYC storage root: C:\Users\2503700\OneDrive - Cognizant\Desktop\Microlend\uploads\kyc
2026-07-27 13:27:53.133 [main] WARN  [cid=none] o.s.b.a.s.s.UserDetailsServiceAutoConfiguration - 

Using generated security password: 05166125-770e-4ffc-b316-5108f8c5ebb4

This generated password is for development use only. Your security configuration must be updated before running your application in production.

2026-07-27 13:27:53.136 [main] INFO  [cid=none] o.s.s.c.a.a.c.InitializeUserDetailsBeanManagerConfigurer$InitializeUserDetailsManagerConfigurer - Global AuthenticationManager configured with UserDetailsService bean with name inMemoryUserDetailsManager
2026-07-27 13:27:54.019 [main] INFO  [cid=none] o.s.b.a.e.web.EndpointLinksResolver - Exposing 2 endpoints beneath base path '/actuator'
2026-07-27 13:27:55.242 [main] INFO  [cid=none] o.a.coyote.http11.Http11NioProtocol - Starting ProtocolHandler ["http-nio-8090"]
2026-07-27 13:27:55.295 [main] INFO  [cid=none] o.s.b.w.e.tomcat.TomcatWebServer - Tomcat started on port 8090 (http) with context path '/'
2026-07-27 13:27:55.339 [main] INFO  [cid=none] com.microlend.MicroLendApplication - Started MicroLendApplication in 18.024 seconds (process running for 18.85)
2026-07-27 13:27:55.887 [main] INFO  [cid=none] c.m.identity.bootstrap.DataSeeder - DataSeeder: seed users already present, nothing to create.
2026-07-27 13:28:08.372 [http-nio-8090-exec-1] INFO  [cid=none] o.a.c.c.C.[Tomcat].[localhost].[/] - Initializing Spring DispatcherServlet 'dispatcherServlet'
2026-07-27 13:28:08.384 [http-nio-8090-exec-1] INFO  [cid=none] o.s.web.servlet.DispatcherServlet - Initializing Servlet 'dispatcherServlet'
2026-07-27 13:28:08.384 [http-nio-8090-exec-1] INFO  [cid=none] o.s.web.servlet.DispatcherServlet - Completed initialization in 0 ms
2026-07-27 13:46:14.595 [http-nio-8090-exec-4] INFO  [cid=0c132a55] c.m.audit.service.LocalAuditService - AUDIT module=AUTH action=LOGIN_SUCCESS userId=1
2026-07-27 13:47:00.705 [http-nio-8090-exec-10] INFO  [cid=c81707f2] c.m.audit.service.LocalAuditService - AUDIT module=AUTH action=LOGIN_SUCCESS userId=11
2026-07-27 13:54:16.691 [http-nio-8090-exec-10] INFO  [cid=c04d1191] c.m.audit.service.LocalAuditService - AUDIT module=AUTH action=LOGIN_SUCCESS userId=2
2026-07-27 13:54:28.009 [http-nio-8090-exec-4] INFO  [cid=3d8084cc] c.m.audit.service.LocalAuditService - AUDIT module=COLLECTION action=COLLECTION_RECORDED userId=2
2026-07-27 13:54:28.034 [http-nio-8090-exec-4] INFO  [cid=3d8084cc] c.m.n.s.LocalNotificationService - NOTIFY user=11 category=RECEIPT entity=CollectionReceipt:1
2026-07-27 13:54:37.072 [http-nio-8090-exec-3] INFO  [cid=2ec2d126] c.m.audit.service.LocalAuditService - AUDIT module=AUTH action=LOGIN_SUCCESS userId=11
2026-07-27 13:54:55.044 [http-nio-8090-exec-8] INFO  [cid=fbb62e6d] c.m.audit.service.LocalAuditService - AUDIT module=COLLECTION action=RECEIPT_APPROVED userId=11
2026-07-27 13:54:55.060 [http-nio-8090-exec-8] INFO  [cid=fbb62e6d] c.m.n.s.LocalNotificationService - NOTIFY user=2 category=RECEIPT entity=CollectionReceipt:1
2026-07-27 13:55:11.120 [http-nio-8090-exec-7] INFO  [cid=3660ac7e] c.m.audit.service.LocalAuditService - AUDIT module=AUTH action=LOGIN_SUCCESS userId=2
2026-07-27 13:55:25.897 [http-nio-8090-exec-6] INFO  [cid=06d04100] c.m.audit.service.LocalAuditService - AUDIT module=AUTH action=LOGIN_SUCCESS userId=11
2026-07-27 13:56:05.991 [http-nio-8090-exec-4] INFO  [cid=a3bedb2b] c.m.audit.service.LocalAuditService - AUDIT module=AUTH action=LOGIN_SUCCESS userId=1
2026-07-27 13:57:03.629 [http-nio-8090-exec-8] INFO  [cid=07409ce5] c.m.audit.service.LocalAuditService - AUDIT module=AUTH action=LOGIN_SUCCESS userId=11
2026-07-27 13:59:28.484 [http-nio-8090-exec-3] INFO  [cid=5813e9dc] c.m.audit.service.LocalAuditService - AUDIT module=AUTH action=LOGIN_SUCCESS userId=2
2026-07-27 14:00:49.416 [http-nio-8090-exec-10] INFO  [cid=ed9b5ea7] c.m.audit.service.LocalAuditService - AUDIT module=GROUP action=GROUP_CREATED userId=2
2026-07-27 14:02:50.861 [http-nio-8090-exec-8] INFO  [cid=2d57efaa] c.m.audit.service.LocalAuditService - AUDIT module=BORROWER action=BORROWER_REGISTERED userId=2
2026-07-27 14:03:11.223 [http-nio-8090-exec-9] INFO  [cid=e4c3ab38] c.m.audit.service.LocalAuditService - AUDIT module=KYC action=KYC_UPLOADED userId=2
2026-07-27 14:03:19.940 [http-nio-8090-exec-3] INFO  [cid=b23b244c] c.m.audit.service.LocalAuditService - AUDIT module=AUTH action=LOGIN_SUCCESS userId=3
2026-07-27 14:03:24.874 [http-nio-8090-exec-1] INFO  [cid=121f53b3] c.m.audit.service.LocalAuditService - AUDIT module=KYC action=KYC_VERIFIED userId=3
2026-07-27 14:03:36.024 [http-nio-8090-exec-10] INFO  [cid=a457858a] c.m.audit.service.LocalAuditService - AUDIT module=AUTH action=LOGIN_SUCCESS userId=2
2026-07-27 14:03:58.646 [http-nio-8090-exec-5] INFO  [cid=0dd99269] c.m.audit.service.LocalAuditService - AUDIT module=LOAN_APPLICATION action=LOAN_APPLICATION_SUBMITTED userId=2
2026-07-27 14:04:36.826 [http-nio-8090-exec-9] INFO  [cid=08a2eb8d] c.m.audit.service.LocalAuditService - AUDIT module=AUTH action=LOGIN_SUCCESS userId=2
2026-07-27 14:06:39.349 [http-nio-8090-exec-8] INFO  [cid=8b625d7e] c.m.audit.service.LocalAuditService - AUDIT module=BORROWER action=BORROWER_REGISTERED userId=2
2026-07-27 14:08:22.841 [http-nio-8090-exec-6] INFO  [cid=ebafc335] c.m.audit.service.LocalAuditService - AUDIT module=BORROWER action=BORROWER_REGISTERED userId=2
2026-07-27 14:08:44.966 [http-nio-8090-exec-2] INFO  [cid=d28c8a30] c.m.audit.service.LocalAuditService - AUDIT module=KYC action=KYC_UPLOADED userId=2
2026-07-27 14:09:01.401 [http-nio-8090-exec-3] INFO  [cid=07983c33] c.m.audit.service.LocalAuditService - AUDIT module=AUTH action=LOGIN_SUCCESS userId=3
2026-07-27 14:09:03.903 [http-nio-8090-exec-1] INFO  [cid=48964aa1] c.m.audit.service.LocalAuditService - AUDIT module=KYC action=KYC_VERIFIED userId=3
2026-07-27 14:09:13.668 [http-nio-8090-exec-7] INFO  [cid=417c4e52] c.m.audit.service.LocalAuditService - AUDIT module=AUTH action=LOGIN_SUCCESS userId=2
2026-07-27 14:11:16.808 [http-nio-8090-exec-4] INFO  [cid=46e95f57] c.m.audit.service.LocalAuditService - AUDIT module=LOAN_APPLICATION action=LOAN_APPLICATION_SUBMITTED userId=2
2026-07-27 14:11:25.221 [http-nio-8090-exec-5] INFO  [cid=ed4a91f5] c.m.audit.service.LocalAuditService - AUDIT module=AUTH action=LOGIN_SUCCESS userId=3
2026-07-27 14:11:37.921 [http-nio-8090-exec-4] INFO  [cid=f08a7d74] c.m.audit.service.LocalAuditService - AUDIT module=LOAN_APPLICATION action=LOAN_APPLICATION_APPROVED userId=3
2026-07-27 14:11:42.929 [http-nio-8090-exec-3] INFO  [cid=1b2c4c0f] c.m.audit.service.LocalAuditService - AUDIT module=LOAN_APPLICATION action=LOAN_APPLICATION_APPROVED userId=3
2026-07-27 14:12:17.540 [http-nio-8090-exec-4] INFO  [cid=ea27324f] c.m.audit.service.LocalAuditService - AUDIT module=AUTH action=LOGIN_SUCCESS_FORCE_RESET userId=14
2026-07-27 14:12:34.019 [http-nio-8090-exec-9] INFO  [cid=47b02bec] c.m.audit.service.LocalAuditService - AUDIT module=AUTH action=PASSWORD_RESET_COMPLETED userId=14
2026-07-27 14:12:44.074 [http-nio-8090-exec-7] INFO  [cid=24fe3d5a] c.m.audit.service.LocalAuditService - AUDIT module=LOAN_ACCOUNT action=SANCTION_ACCEPTED_LOAN_DISBURSED userId=14
2026-07-27 14:13:15.609 [http-nio-8090-exec-6] INFO  [cid=e0ec3180] c.m.audit.service.LocalAuditService - AUDIT module=AUTH action=LOGIN_SUCCESS_FORCE_RESET userId=12
2026-07-27 14:13:25.475 [http-nio-8090-exec-5] INFO  [cid=76a37115] c.m.audit.service.LocalAuditService - AUDIT module=AUTH action=PASSWORD_RESET_COMPLETED userId=12
2026-07-27 14:13:30.987 [http-nio-8090-exec-6] INFO  [cid=ab0ecf23] c.m.audit.service.LocalAuditService - AUDIT module=LOAN_ACCOUNT action=SANCTION_ACCEPTED_LOAN_DISBURSED userId=12
2026-07-27 14:14:23.144 [http-nio-8090-exec-3] INFO  [cid=f9f1ff4a] c.m.audit.service.LocalAuditService - AUDIT module=AUTH action=LOGIN_SUCCESS userId=14
2026-07-27 14:14:39.078 [http-nio-8090-exec-2] INFO  [cid=9b767260] c.m.audit.service.LocalAuditService - AUDIT module=AUTH action=LOGIN_SUCCESS userId=2
2026-07-27 14:15:51.905 [http-nio-8090-exec-9] INFO  [cid=bb39e079] c.m.audit.service.LocalAuditService - AUDIT module=COLLECTION action=COLLECTION_RECORDED userId=2
2026-07-27 14:15:51.933 [http-nio-8090-exec-9] INFO  [cid=bb39e079] c.m.n.s.LocalNotificationService - NOTIFY user=12 category=RECEIPT entity=CollectionReceipt:2
2026-07-27 14:15:51.979 [http-nio-8090-exec-10] INFO  [cid=7e824cb5] c.m.audit.service.LocalAuditService - AUDIT module=COLLECTION action=COLLECTION_RECORDED userId=2
2026-07-27 14:15:51.996 [http-nio-8090-exec-10] INFO  [cid=7e824cb5] c.m.n.s.LocalNotificationService - NOTIFY user=14 category=RECEIPT entity=CollectionReceipt:3
2026-07-27 14:16:12.198 [http-nio-8090-exec-9] INFO  [cid=8eb848e3] c.m.audit.service.LocalAuditService - AUDIT module=AUTH action=LOGIN_SUCCESS userId=12
2026-07-27 14:16:17.960 [http-nio-8090-exec-6] INFO  [cid=ed83330f] c.m.audit.service.LocalAuditService - AUDIT module=COLLECTION action=RECEIPT_APPROVED userId=12
2026-07-27 14:16:17.976 [http-nio-8090-exec-6] INFO  [cid=ed83330f] c.m.n.s.LocalNotificationService - NOTIFY user=2 category=RECEIPT entity=CollectionReceipt:2
2026-07-27 14:16:24.331 [http-nio-8090-exec-8] INFO  [cid=9cb36dbf] c.m.audit.service.LocalAuditService - AUDIT module=AUTH action=LOGIN_SUCCESS userId=14
2026-07-27 14:16:27.913 [http-nio-8090-exec-4] INFO  [cid=de4f16a1] c.m.audit.service.LocalAuditService - AUDIT module=COLLECTION action=RECEIPT_APPROVED userId=14
2026-07-27 14:16:27.930 [http-nio-8090-exec-4] INFO  [cid=de4f16a1] c.m.n.s.LocalNotificationService - NOTIFY user=2 category=RECEIPT entity=CollectionReceipt:3
2026-07-27 14:16:42.181 [http-nio-8090-exec-2] INFO  [cid=654d096b] c.m.audit.service.LocalAuditService - AUDIT module=AUTH action=LOGIN_SUCCESS userId=1
2026-07-27 14:18:00.126 [http-nio-8090-exec-3] INFO  [cid=61bcd363] c.m.audit.service.LocalAuditService - AUDIT module=AUTH action=LOGIN_SUCCESS userId=2
2026-07-27 14:20:48.385 [SpringApplicationShutdownHook] INFO  [cid=none] o.s.o.j.LocalContainerEntityManagerFactoryBean - Closing JPA EntityManagerFactory for persistence unit 'default'
2026-07-27 14:20:48.389 [SpringApplicationShutdownHook] INFO  [cid=none] com.zaxxer.hikari.HikariDataSource - HikariPool-1 - Shutdown initiated...
2026-07-27 14:20:48.395 [SpringApplicationShutdownHook] INFO  [cid=none] com.zaxxer.hikari.HikariDataSource - HikariPool-1 - Shutdown completed.
2026-07-27 14:20:55.054 [background-preinit] INFO  [cid=none] o.h.validator.internal.util.Version - HV000001: Hibernate Validator 8.0.1.Final
2026-07-27 14:20:55.150 [main] INFO  [cid=none] com.microlend.MicroLendApplication - Starting MicroLendApplication using Java 21.0.2 with PID 19708 (C:\Users\2503700\OneDrive - Cognizant\Desktop\Microlend\backend\target\classes started by 2503700 in C:\Users\2503700\OneDrive - Cognizant\Desktop\Microlend)
2026-07-27 14:20:55.150 [main] INFO  [cid=none] com.microlend.MicroLendApplication - The following 1 profile is active: "dev"
2026-07-27 14:20:57.375 [main] INFO  [cid=none] o.s.d.r.c.RepositoryConfigurationDelegate - Bootstrapping Spring Data JPA repositories in DEFAULT mode.
2026-07-27 14:20:57.644 [main] INFO  [cid=none] o.s.d.r.c.RepositoryConfigurationDelegate - Finished Spring Data repository scanning in 255 ms. Found 18 JPA repository interfaces.
2026-07-27 14:20:59.485 [main] INFO  [cid=none] o.s.b.w.e.tomcat.TomcatWebServer - Tomcat initialized with port 8090 (http)
2026-07-27 14:20:59.504 [main] INFO  [cid=none] o.a.coyote.http11.Http11NioProtocol - Initializing ProtocolHandler ["http-nio-8090"]
2026-07-27 14:20:59.504 [main] INFO  [cid=none] o.a.catalina.core.StandardService - Starting service [Tomcat]
2026-07-27 14:20:59.504 [main] INFO  [cid=none] o.a.catalina.core.StandardEngine - Starting Servlet engine: [Apache Tomcat/10.1.31]
2026-07-27 14:20:59.622 [main] INFO  [cid=none] o.a.c.c.C.[Tomcat].[localhost].[/] - Initializing Spring embedded WebApplicationContext
2026-07-27 14:20:59.629 [main] INFO  [cid=none] o.s.b.w.s.c.ServletWebServerApplicationContext - Root WebApplicationContext: initialization completed in 4401 ms
2026-07-27 14:21:00.373 [main] INFO  [cid=none] o.h.jpa.internal.util.LogHelper - HHH000204: Processing PersistenceUnitInfo [name: default]
2026-07-27 14:21:00.518 [main] INFO  [cid=none] org.hibernate.Version - HHH000412: Hibernate ORM core version 6.5.3.Final
2026-07-27 14:21:00.581 [main] INFO  [cid=none] o.h.c.i.RegionFactoryInitiator - HHH000026: Second-level cache disabled
2026-07-27 14:21:00.985 [main] INFO  [cid=none] o.s.o.j.p.SpringPersistenceUnitInfo - No LoadTimeWeaver setup: ignoring JPA class transformer
2026-07-27 14:21:01.008 [main] INFO  [cid=none] com.zaxxer.hikari.HikariDataSource - HikariPool-1 - Starting...
2026-07-27 14:21:01.185 [main] INFO  [cid=none] com.zaxxer.hikari.pool.HikariPool - HikariPool-1 - Added connection com.mysql.cj.jdbc.ConnectionImpl@7b1559f1
2026-07-27 14:21:01.185 [main] INFO  [cid=none] com.zaxxer.hikari.HikariDataSource - HikariPool-1 - Start completed.
2026-07-27 14:21:02.710 [main] INFO  [cid=none] o.h.e.t.j.p.i.JtaPlatformInitiator - HHH000489: No JTA platform available (set 'hibernate.transaction.jta.platform' to enable JTA platform integration)
2026-07-27 14:21:03.881 [main] INFO  [cid=none] o.s.o.j.LocalContainerEntityManagerFactoryBean - Initialized JPA EntityManagerFactory for persistence unit 'default'
2026-07-27 14:21:05.148 [main] INFO  [cid=none] o.s.d.j.r.query.QueryEnhancerFactory - Hibernate is in classpath; If applicable, HQL parser will be used.
2026-07-27 14:21:06.144 [main] INFO  [cid=none] c.m.b.service.KycStorageService - KYC storage root: C:\Users\2503700\OneDrive - Cognizant\Desktop\Microlend\uploads\kyc
2026-07-27 14:21:07.006 [main] WARN  [cid=none] o.s.b.a.s.s.UserDetailsServiceAutoConfiguration - 

Using generated security password: c66a988d-9111-4ad4-8e90-bffb62295017

This generated password is for development use only. Your security configuration must be updated before running your application in production.

2026-07-27 14:21:07.026 [main] INFO  [cid=none] o.s.s.c.a.a.c.InitializeUserDetailsBeanManagerConfigurer$InitializeUserDetailsManagerConfigurer - Global AuthenticationManager configured with UserDetailsService bean with name inMemoryUserDetailsManager
2026-07-27 14:21:07.770 [main] INFO  [cid=none] o.s.b.a.e.web.EndpointLinksResolver - Exposing 2 endpoints beneath base path '/actuator'
2026-07-27 14:21:08.742 [main] INFO  [cid=none] o.a.coyote.http11.Http11NioProtocol - Starting ProtocolHandler ["http-nio-8090"]
2026-07-27 14:21:08.768 [main] INFO  [cid=none] o.s.b.w.e.tomcat.TomcatWebServer - Tomcat started on port 8090 (http) with context path '/'
2026-07-27 14:21:08.796 [main] INFO  [cid=none] com.microlend.MicroLendApplication - Started MicroLendApplication in 14.519 seconds (process running for 15.127)
2026-07-27 14:21:09.102 [main] INFO  [cid=none] c.m.identity.bootstrap.DataSeeder - DataSeeder: seed users already present, nothing to create.
2026-07-27 14:21:33.048 [http-nio-8090-exec-1] INFO  [cid=none] o.a.c.c.C.[Tomcat].[localhost].[/] - Initializing Spring DispatcherServlet 'dispatcherServlet'
2026-07-27 14:21:33.048 [http-nio-8090-exec-1] INFO  [cid=none] o.s.web.servlet.DispatcherServlet - Initializing Servlet 'dispatcherServlet'
2026-07-27 14:21:33.048 [http-nio-8090-exec-1] INFO  [cid=none] o.s.web.servlet.DispatcherServlet - Completed initialization in 0 ms
2026-07-27 14:22:28.326 [http-nio-8090-exec-3] INFO  [cid=02fcd7b4] c.m.audit.service.LocalAuditService - AUDIT module=AUTH action=LOGIN_SUCCESS userId=1
2026-07-27 14:23:08.577 [http-nio-8090-exec-4] INFO  [cid=eeebb491] c.m.audit.service.LocalAuditService - AUDIT module=AUTH action=LOGIN_SUCCESS userId=2
2026-07-27 14:30:34.957 [http-nio-8090-exec-8] WARN  [cid=4c596991] o.h.e.jdbc.spi.SqlExceptionHelper - SQL Error: 1406, SQLState: 22001
2026-07-27 14:30:34.957 [http-nio-8090-exec-8] ERROR [cid=4c596991] o.h.e.jdbc.spi.SqlExceptionHelper - Data truncation: Data too long for column 'name' at row 1
2026-07-27 14:30:34.993 [http-nio-8090-exec-8] ERROR [cid=4c596991] c.m.common.GlobalExceptionHandler - Unhandled exception
org.springframework.dao.DataIntegrityViolationException: could not execute statement [Data truncation: Data too long for column 'name' at row 1] [insert into borrower (bank_account_number,borrower_type,centre_id,date_of_birth,district,gender,group_id,ifsc_code,monthly_income,name,national_id_number,occupation,phone,portal_user_id,registered_by_field_officer_id,status,village) values (?,?,?,?,?,?,?,?,?,?,?,?,?,?,?,?,?)]; SQL [insert into borrower (bank_account_number,borrower_type,centre_id,date_of_birth,district,gender,group_id,ifsc_code,monthly_income,name,national_id_number,occupation,phone,portal_user_id,registered_by_field_officer_id,status,village) values (?,?,?,?,?,?,?,?,?,?,?,?,?,?,?,?,?)]
	at org.springframework.orm.jpa.vendor.HibernateJpaDialect.convertHibernateAccessException(HibernateJpaDialect.java:293)
	at org.springframework.orm.jpa.vendor.HibernateJpaDialect.translateExceptionIfPossible(HibernateJpaDialect.java:241)
	at org.springframework.orm.jpa.AbstractEntityManagerFactoryBean.translateExceptionIfPossible(AbstractEntityManagerFactoryBean.java:550)
	at org.springframework.dao.support.ChainedPersistenceExceptionTranslator.translateExceptionIfPossible(ChainedPersistenceExceptionTranslator.java:61)
	at org.springframework.dao.support.DataAccessUtils.translateIfNecessary(DataAccessUtils.java:335)
	at org.springframework.dao.support.PersistenceExceptionTranslationInterceptor.invoke(PersistenceExceptionTranslationInterceptor.java:160)
	at org.springframework.aop.framework.ReflectiveMethodInvocation.proceed(ReflectiveMethodInvocation.java:184)
	at org.springframework.data.jpa.repository.support.CrudMethodMetadataPostProcessor$CrudMethodMetadataPopulatingMethodInterceptor.invoke(CrudMethodMetadataPostProcessor.java:165)
	at org.springframework.aop.framework.ReflectiveMethodInvocation.proceed(ReflectiveMethodInvocation.java:184)
	at org.springframework.aop.interceptor.ExposeInvocationInterceptor.invoke(ExposeInvocationInterceptor.java:97)
	at org.springframework.aop.framework.ReflectiveMethodInvocation.proceed(ReflectiveMethodInvocation.java:184)
	at org.springframework.aop.framework.JdkDynamicAopProxy.invoke(JdkDynamicAopProxy.java:223)
	at jdk.proxy2/jdk.proxy2.$Proxy158.save(Unknown Source)
	at com.microlend.borrower.service.BorrowerService.register(BorrowerService.java:128)
	at java.base/jdk.internal.reflect.DirectMethodHandleAccessor.invoke(DirectMethodHandleAccessor.java:103)
	at java.base/java.lang.reflect.Method.invoke(Method.java:580)
	at org.springframework.aop.support.AopUtils.invokeJoinpointUsingReflection(AopUtils.java:355)
	at org.springframework.aop.framework.ReflectiveMethodInvocation.invokeJoinpoint(ReflectiveMethodInvocation.java:196)
	at org.springframework.aop.framework.ReflectiveMethodInvocation.proceed(ReflectiveMethodInvocation.java:163)
	at org.springframework.aop.framework.CglibAopProxy$CglibMethodInvocation.proceed(CglibAopProxy.java:768)
	at org.springframework.transaction.interceptor.TransactionAspectSupport.invokeWithinTransaction(TransactionAspectSupport.java:379)
	at org.springframework.transaction.interceptor.TransactionInterceptor.invoke(TransactionInterceptor.java:119)
	at org.springframework.aop.framework.ReflectiveMethodInvocation.proceed(ReflectiveMethodInvocation.java:184)
	at org.springframework.aop.framework.CglibAopProxy$CglibMethodInvocation.proceed(CglibAopProxy.java:768)
	at org.springframework.aop.framework.CglibAopProxy$DynamicAdvisedInterceptor.intercept(CglibAopProxy.java:720)
	at com.microlend.borrower.service.BorrowerService$$SpringCGLIB$$0.register(<generated>)
	at com.microlend.borrower.controller.FieldOfficerBorrowerController.register(FieldOfficerBorrowerController.java:29)
	at java.base/jdk.internal.reflect.DirectMethodHandleAccessor.invoke(DirectMethodHandleAccessor.java:103)
	at java.base/java.lang.reflect.Method.invoke(Method.java:580)
	at org.springframework.web.method.support.InvocableHandlerMethod.doInvoke(InvocableHandlerMethod.java:255)
	at org.springframework.web.method.support.InvocableHandlerMethod.invokeForRequest(InvocableHandlerMethod.java:188)
	at org.springframework.web.servlet.mvc.method.annotation.ServletInvocableHandlerMethod.invokeAndHandle(ServletInvocableHandlerMethod.java:118)
	at org.springframework.web.servlet.mvc.method.annotation.RequestMappingHandlerAdapter.invokeHandlerMethod(RequestMappingHandlerAdapter.java:926)
	at org.springframework.web.servlet.mvc.method.annotation.RequestMappingHandlerAdapter.handleInternal(RequestMappingHandlerAdapter.java:831)
	at org.springframework.web.servlet.mvc.method.AbstractHandlerMethodAdapter.handle(AbstractHandlerMethodAdapter.java:87)
	at org.springframework.web.servlet.DispatcherServlet.doDispatch(DispatcherServlet.java:1089)
	at org.springframework.web.servlet.DispatcherServlet.doService(DispatcherServlet.java:979)
	at org.springframework.web.servlet.FrameworkServlet.processRequest(FrameworkServlet.java:1014)
	at org.springframework.web.servlet.FrameworkServlet.doPost(FrameworkServlet.java:914)
	at jakarta.servlet.http.HttpServlet.service(HttpServlet.java:590)
	at org.springframework.web.servlet.FrameworkServlet.service(FrameworkServlet.java:885)
	at jakarta.servlet.http.HttpServlet.service(HttpServlet.java:658)
	at org.apache.catalina.core.ApplicationFilterChain.internalDoFilter(ApplicationFilterChain.java:195)
	at org.apache.catalina.core.ApplicationFilterChain.doFilter(ApplicationFilterChain.java:140)
	at org.apache.tomcat.websocket.server.WsFilter.doFilter(WsFilter.java:51)
	at org.apache.catalina.core.ApplicationFilterChain.internalDoFilter(ApplicationFilterChain.java:164)
	at org.apache.catalina.core.ApplicationFilterChain.doFilter(ApplicationFilterChain.java:140)
	at org.springframework.web.filter.OncePerRequestFilter.doFilter(OncePerRequestFilter.java:110)
	at org.apache.catalina.core.ApplicationFilterChain.internalDoFilter(ApplicationFilterChain.java:164)
	at org.apache.catalina.core.ApplicationFilterChain.doFilter(ApplicationFilterChain.java:140)
	at org.springframework.web.filter.CompositeFilter$VirtualFilterChain.doFilter(CompositeFilter.java:108)
	at org.springframework.security.web.FilterChainProxy.lambda$doFilterInternal$3(FilterChainProxy.java:231)
	at org.springframework.security.web.ObservationFilterChainDecorator$FilterObservation$SimpleFilterObservation.lambda$wrap$1(ObservationFilterChainDecorator.java:479)
	at org.springframework.security.web.ObservationFilterChainDecorator$AroundFilterObservation$SimpleAroundFilterObservation.lambda$wrap$1(ObservationFilterChainDecorator.java:340)
	at org.springframework.security.web.ObservationFilterChainDecorator.lambda$wrapSecured$0(ObservationFilterChainDecorator.java:82)
	at org.springframework.security.web.ObservationFilterChainDecorator$VirtualFilterChain.doFilter(ObservationFilterChainDecorator.java:128)
	at org.springframework.security.web.access.intercept.AuthorizationFilter.doFilter(AuthorizationFilter.java:100)
	at org.springframework.security.web.ObservationFilterChainDecorator$ObservationFilter.wrapFilter(ObservationFilterChainDecorator.java:240)
	at org.springframework.security.web.ObservationFilterChainDecorator$ObservationFilter.doFilter(ObservationFilterChainDecorator.java:227)
	at org.springframework.security.web.ObservationFilterChainDecorator$VirtualFilterChain.doFilter(ObservationFilterChainDecorator.java:137)
	at org.springframework.security.web.access.ExceptionTranslationFilter.doFilter(ExceptionTranslationFilter.java:126)
	at org.springframework.security.web.access.ExceptionTranslationFilter.doFilter(ExceptionTranslationFilter.java:120)
	at org.springframework.security.web.ObservationFilterChainDecorator$ObservationFilter.wrapFilter(ObservationFilterChainDecorator.java:240)
	at org.springframework.security.web.ObservationFilterChainDecorator$ObservationFilter.doFilter(ObservationFilterChainDecorator.java:227)
	at org.springframework.security.web.ObservationFilterChainDecorator$VirtualFilterChain.doFilter(ObservationFilterChainDecorator.java:137)
	at org.springframework.security.web.session.SessionManagementFilter.doFilter(SessionManagementFilter.java:131)
	at org.springframework.security.web.session.SessionManagementFilter.doFilter(SessionManagementFilter.java:85)
	at org.springframework.security.web.ObservationFilterChainDecorator$ObservationFilter.wrapFilter(ObservationFilterChainDecorator.java:240)
	at org.springframework.security.web.ObservationFilterChainDecorator$ObservationFilter.doFilter(ObservationFilterChainDecorator.java:227)
	at org.springframework.security.web.ObservationFilterChainDecorator$VirtualFilterChain.doFilter(ObservationFilterChainDecorator.java:137)
	at org.springframework.security.web.authentication.AnonymousAuthenticationFilter.doFilter(AnonymousAuthenticationFilter.java:100)
	at org.springframework.security.web.ObservationFilterChainDecorator$ObservationFilter.wrapFilter(ObservationFilterChainDecorator.java:240)
	at org.springframework.security.web.ObservationFilterChainDecorator$ObservationFilter.doFilter(ObservationFilterChainDecorator.java:227)
	at org.springframework.security.web.ObservationFilterChainDecorator$VirtualFilterChain.doFilter(ObservationFilterChainDecorator.java:137)
	at org.springframework.security.web.servletapi.SecurityContextHolderAwareRequestFilter.doFilter(SecurityContextHolderAwareRequestFilter.java:179)
	at org.springframework.security.web.ObservationFilterChainDecorator$ObservationFilter.wrapFilter(ObservationFilterChainDecorator.java:240)
	at org.springframework.security.web.ObservationFilterChainDecorator$ObservationFilter.doFilter(ObservationFilterChainDecorator.java:227)
	at org.springframework.security.web.ObservationFilterChainDecorator$VirtualFilterChain.doFilter(ObservationFilterChainDecorator.java:137)
	at org.springframework.security.web.savedrequest.RequestCacheAwareFilter.doFilter(RequestCacheAwareFilter.java:63)
	at org.springframework.security.web.ObservationFilterChainDecorator$ObservationFilter.wrapFilter(ObservationFilterChainDecorator.java:240)
	at org.springframework.security.web.ObservationFilterChainDecorator$ObservationFilter.doFilter(ObservationFilterChainDecorator.java:227)
	at org.springframework.security.web.ObservationFilterChainDecorator$VirtualFilterChain.doFilter(ObservationFilterChainDecorator.java:137)
	at com.microlend.identity.security.JwtAuthenticationFilter.doFilterInternal(JwtAuthenticationFilter.java:64)
	at org.springframework.web.filter.OncePerRequestFilter.doFilter(OncePerRequestFilter.java:116)
	at org.springframework.security.web.ObservationFilterChainDecorator$ObservationFilter.wrapFilter(ObservationFilterChainDecorator.java:240)
	at org.springframework.security.web.ObservationFilterChainDecorator$ObservationFilter.doFilter(ObservationFilterChainDecorator.java:227)
	at org.springframework.security.web.ObservationFilterChainDecorator$VirtualFilterChain.doFilter(ObservationFilterChainDecorator.java:137)
	at org.springframework.security.web.authentication.logout.LogoutFilter.doFilter(LogoutFilter.java:107)
	at org.springframework.security.web.authentication.logout.LogoutFilter.doFilter(LogoutFilter.java:93)
	at org.springframework.security.web.ObservationFilterChainDecorator$ObservationFilter.wrapFilter(ObservationFilterChainDecorator.java:240)
	at org.springframework.security.web.ObservationFilterChainDecorator$ObservationFilter.doFilter(ObservationFilterChainDecorator.java:227)
	at org.springframework.security.web.ObservationFilterChainDecorator$VirtualFilterChain.doFilter(ObservationFilterChainDecorator.java:137)
	at org.springframework.security.web.header.HeaderWriterFilter.doHeadersAfter(HeaderWriterFilter.java:90)
	at org.springframework.security.web.header.HeaderWriterFilter.doFilterInternal(HeaderWriterFilter.java:75)
	at org.springframework.web.filter.OncePerRequestFilter.doFilter(OncePerRequestFilter.java:116)
	at org.springframework.security.web.ObservationFilterChainDecorator$ObservationFilter.wrapFilter(ObservationFilterChainDecorator.java:240)
	at org.springframework.security.web.ObservationFilterChainDecorator$ObservationFilter.doFilter(ObservationFilterChainDecorator.java:227)
	at org.springframework.security.web.ObservationFilterChainDecorator$VirtualFilterChain.doFilter(ObservationFilterChainDecorator.java:137)
	at org.springframework.security.web.context.SecurityContextHolderFilter.doFilter(SecurityContextHolderFilter.java:82)
	at org.springframework.security.web.context.SecurityContextHolderFilter.doFilter(SecurityContextHolderFilter.java:69)
	at org.springframework.security.web.ObservationFilterChainDecorator$ObservationFilter.wrapFilter(ObservationFilterChainDecorator.java:240)
	at org.springframework.security.web.ObservationFilterChainDecorator$ObservationFilter.doFilter(ObservationFilterChainDecorator.java:227)
	at org.springframework.security.web.ObservationFilterChainDecorator$VirtualFilterChain.doFilter(ObservationFilterChainDecorator.java:137)
	at org.springframework.security.web.context.request.async.WebAsyncManagerIntegrationFilter.doFilterInternal(WebAsyncManagerIntegrationFilter.java:62)
	at org.springframework.web.filter.OncePerRequestFilter.doFilter(OncePerRequestFilter.java:116)
	at org.springframework.security.web.ObservationFilterChainDecorator$ObservationFilter.wrapFilter(ObservationFilterChainDecorator.java:240)
	at org.springframework.security.web.ObservationFilterChainDecorator$ObservationFilter.doFilter(ObservationFilterChainDecorator.java:227)
	at org.springframework.security.web.ObservationFilterChainDecorator$VirtualFilterChain.doFilter(ObservationFilterChainDecorator.java:137)
	at org.springframework.security.web.session.DisableEncodeUrlFilter.doFilterInternal(DisableEncodeUrlFilter.java:42)
	at org.springframework.web.filter.OncePerRequestFilter.doFilter(OncePerRequestFilter.java:116)
	at org.springframework.security.web.ObservationFilterChainDecorator$ObservationFilter.wrapFilter(ObservationFilterChainDecorator.java:240)
	at org.springframework.security.web.ObservationFilterChainDecorator$AroundFilterObservation$SimpleAroundFilterObservation.lambda$wrap$0(ObservationFilterChainDecorator.java:323)
	at org.springframework.security.web.ObservationFilterChainDecorator$ObservationFilter.doFilter(ObservationFilterChainDecorator.java:224)
	at org.springframework.security.web.ObservationFilterChainDecorator$VirtualFilterChain.doFilter(ObservationFilterChainDecorator.java:137)
	at org.springframework.security.web.FilterChainProxy.doFilterInternal(FilterChainProxy.java:233)
	at org.springframework.security.web.FilterChainProxy.doFilter(FilterChainProxy.java:191)
	at org.springframework.web.filter.CompositeFilter$VirtualFilterChain.doFilter(CompositeFilter.java:113)
	at org.springframework.web.servlet.handler.HandlerMappingIntrospector.lambda$createCacheFilter$3(HandlerMappingIntrospector.java:195)
	at org.springframework.web.filter.CompositeFilter$VirtualFilterChain.doFilter(CompositeFilter.java:113)
	at org.springframework.web.filter.CompositeFilter.doFilter(CompositeFilter.java:74)
	at org.springframework.security.config.annotation.web.configuration.WebMvcSecurityConfiguration$CompositeFilterChainProxy.doFilter(WebMvcSecurityConfiguration.java:230)
	at org.springframework.web.filter.DelegatingFilterProxy.invokeDelegate(DelegatingFilterProxy.java:362)
	at org.springframework.web.filter.DelegatingFilterProxy.doFilter(DelegatingFilterProxy.java:278)
	at org.apache.catalina.core.ApplicationFilterChain.internalDoFilter(ApplicationFilterChain.java:164)
	at org.apache.catalina.core.ApplicationFilterChain.doFilter(ApplicationFilterChain.java:140)
	at org.springframework.web.filter.RequestContextFilter.doFilterInternal(RequestContextFilter.java:100)
	at org.springframework.web.filter.OncePerRequestFilter.doFilter(OncePerRequestFilter.java:116)
	at org.apache.catalina.core.ApplicationFilterChain.internalDoFilter(ApplicationFilterChain.java:164)
	at org.apache.catalina.core.ApplicationFilterChain.doFilter(ApplicationFilterChain.java:140)
	at org.springframework.web.filter.FormContentFilter.doFilterInternal(FormContentFilter.java:93)
	at org.springframework.web.filter.OncePerRequestFilter.doFilter(OncePerRequestFilter.java:116)
	at org.apache.catalina.core.ApplicationFilterChain.internalDoFilter(ApplicationFilterChain.java:164)
	at org.apache.catalina.core.ApplicationFilterChain.doFilter(ApplicationFilterChain.java:140)
	at org.springframework.web.filter.ServerHttpObservationFilter.doFilterInternal(ServerHttpObservationFilter.java:113)
	at org.springframework.web.filter.OncePerRequestFilter.doFilter(OncePerRequestFilter.java:116)
	at org.apache.catalina.core.ApplicationFilterChain.internalDoFilter(ApplicationFilterChain.java:164)
	at org.apache.catalina.core.ApplicationFilterChain.doFilter(ApplicationFilterChain.java:140)
	at org.springframework.web.filter.CharacterEncodingFilter.doFilterInternal(CharacterEncodingFilter.java:201)
	at org.springframework.web.filter.OncePerRequestFilter.doFilter(OncePerRequestFilter.java:116)
	at org.apache.catalina.core.ApplicationFilterChain.internalDoFilter(ApplicationFilterChain.java:164)
	at org.apache.catalina.core.ApplicationFilterChain.doFilter(ApplicationFilterChain.java:140)
	at com.microlend.common.CorrelationIdFilter.doFilterInternal(CorrelationIdFilter.java:42)
	at org.springframework.web.filter.OncePerRequestFilter.doFilter(OncePerRequestFilter.java:116)
	at org.apache.catalina.core.ApplicationFilterChain.internalDoFilter(ApplicationFilterChain.java:164)
	at org.apache.catalina.core.ApplicationFilterChain.doFilter(ApplicationFilterChain.java:140)
	at org.apache.catalina.core.StandardWrapperValve.invoke(StandardWrapperValve.java:167)
	at org.apache.catalina.core.StandardContextValve.invoke(StandardContextValve.java:90)
	at org.apache.catalina.authenticator.AuthenticatorBase.invoke(AuthenticatorBase.java:483)
	at org.apache.catalina.core.StandardHostValve.invoke(StandardHostValve.java:115)
	at org.apache.catalina.valves.ErrorReportValve.invoke(ErrorReportValve.java:93)
	at org.apache.catalina.core.StandardEngineValve.invoke(StandardEngineValve.java:74)
	at org.apache.catalina.connector.CoyoteAdapter.service(CoyoteAdapter.java:344)
	at org.apache.coyote.http11.Http11Processor.service(Http11Processor.java:384)
	at org.apache.coyote.AbstractProcessorLight.process(AbstractProcessorLight.java:63)
	at org.apache.coyote.AbstractProtocol$ConnectionHandler.process(AbstractProtocol.java:905)
	at org.apache.tomcat.util.net.NioEndpoint$SocketProcessor.doRun(NioEndpoint.java:1741)
	at org.apache.tomcat.util.net.SocketProcessorBase.run(SocketProcessorBase.java:52)
	at org.apache.tomcat.util.threads.ThreadPoolExecutor.runWorker(ThreadPoolExecutor.java:1190)
	at org.apache.tomcat.util.threads.ThreadPoolExecutor$Worker.run(ThreadPoolExecutor.java:659)
	at org.apache.tomcat.util.threads.TaskThread$WrappingRunnable.run(TaskThread.java:63)
	at java.base/java.lang.Thread.run(Thread.java:1583)
Caused by: org.hibernate.exception.DataException: could not execute statement [Data truncation: Data too long for column 'name' at row 1] [insert into borrower (bank_account_number,borrower_type,centre_id,date_of_birth,district,gender,group_id,ifsc_code,monthly_income,name,national_id_number,occupation,phone,portal_user_id,registered_by_field_officer_id,status,village) values (?,?,?,?,?,?,?,?,?,?,?,?,?,?,?,?,?)]
	at org.hibernate.exception.internal.SQLExceptionTypeDelegate.convert(SQLExceptionTypeDelegate.java:55)
	at org.hibernate.exception.internal.StandardSQLExceptionConverter.convert(StandardSQLExceptionConverter.java:58)
	at org.hibernate.engine.jdbc.spi.SqlExceptionHelper.convert(SqlExceptionHelper.java:108)
	at org.hibernate.engine.jdbc.internal.ResultSetReturnImpl.executeUpdate(ResultSetReturnImpl.java:197)
	at org.hibernate.id.insert.GetGeneratedKeysDelegate.performMutation(GetGeneratedKeysDelegate.java:116)
	at org.hibernate.engine.jdbc.mutation.internal.MutationExecutorSingleNonBatched.performNonBatchedOperations(MutationExecutorSingleNonBatched.java:47)
	at org.hibernate.engine.jdbc.mutation.internal.AbstractMutationExecutor.execute(AbstractMutationExecutor.java:55)
	at org.hibernate.persister.entity.mutation.InsertCoordinatorStandard.doStaticInserts(InsertCoordinatorStandard.java:194)
	at org.hibernate.persister.entity.mutation.InsertCoordinatorStandard.coordinateInsert(InsertCoordinatorStandard.java:132)
	at org.hibernate.persister.entity.mutation.InsertCoordinatorStandard.insert(InsertCoordinatorStandard.java:95)
	at org.hibernate.action.internal.EntityIdentityInsertAction.execute(EntityIdentityInsertAction.java:85)
	at org.hibernate.engine.spi.ActionQueue.execute(ActionQueue.java:671)
	at org.hibernate.engine.spi.ActionQueue.addResolvedEntityInsertAction(ActionQueue.java:292)
	at org.hibernate.engine.spi.ActionQueue.addInsertAction(ActionQueue.java:273)
	at org.hibernate.engine.spi.ActionQueue.addAction(ActionQueue.java:323)
	at org.hibernate.event.internal.AbstractSaveEventListener.addInsertAction(AbstractSaveEventListener.java:391)
	at org.hibernate.event.internal.AbstractSaveEventListener.performSaveOrReplicate(AbstractSaveEventListener.java:305)
	at org.hibernate.event.internal.AbstractSaveEventListener.performSave(AbstractSaveEventListener.java:224)
	at org.hibernate.event.internal.AbstractSaveEventListener.saveWithGeneratedId(AbstractSaveEventListener.java:137)
	at org.hibernate.event.internal.DefaultPersistEventListener.entityIsTransient(DefaultPersistEventListener.java:175)
	at org.hibernate.event.internal.DefaultPersistEventListener.persist(DefaultPersistEventListener.java:93)
	at org.hibernate.event.internal.DefaultPersistEventListener.onPersist(DefaultPersistEventListener.java:77)
	at org.hibernate.event.internal.DefaultPersistEventListener.onPersist(DefaultPersistEventListener.java:54)
	at org.hibernate.event.service.internal.EventListenerGroupImpl.fireEventOnEachListener(EventListenerGroupImpl.java:127)
	at org.hibernate.internal.SessionImpl.firePersist(SessionImpl.java:757)
	at org.hibernate.internal.SessionImpl.persist(SessionImpl.java:741)
	at java.base/jdk.internal.reflect.DirectMethodHandleAccessor.invoke(DirectMethodHandleAccessor.java:103)
	at java.base/java.lang.reflect.Method.invoke(Method.java:580)
	at org.springframework.orm.jpa.SharedEntityManagerCreator$SharedEntityManagerInvocationHandler.invoke(SharedEntityManagerCreator.java:319)
	at jdk.proxy2/jdk.proxy2.$Proxy150.persist(Unknown Source)
	at org.springframework.data.jpa.repository.support.SimpleJpaRepository.save(SimpleJpaRepository.java:628)
	at java.base/jdk.internal.reflect.DirectMethodHandleAccessor.invoke(DirectMethodHandleAccessor.java:103)
	at java.base/java.lang.reflect.Method.invoke(Method.java:580)
	at org.springframework.aop.support.AopUtils.invokeJoinpointUsingReflection(AopUtils.java:355)
	at org.springframework.data.repository.core.support.RepositoryMethodInvoker$RepositoryFragmentMethodInvoker.lambda$new$0(RepositoryMethodInvoker.java:277)
	at org.springframework.data.repository.core.support.RepositoryMethodInvoker.doInvoke(RepositoryMethodInvoker.java:170)
	at org.springframework.data.repository.core.support.RepositoryMethodInvoker.invoke(RepositoryMethodInvoker.java:158)
	at org.springframework.data.repository.core.support.RepositoryComposition$RepositoryFragments.invoke(RepositoryComposition.java:516)
	at org.springframework.data.repository.core.support.RepositoryComposition.invoke(RepositoryComposition.java:285)
	at org.springframework.data.repository.core.support.RepositoryFactorySupport$ImplementationMethodExecutionInterceptor.invoke(RepositoryFactorySupport.java:628)
	at org.springframework.aop.framework.ReflectiveMethodInvocation.proceed(ReflectiveMethodInvocation.java:184)
	at org.springframework.data.repository.core.support.QueryExecutorMethodInterceptor.doInvoke(QueryExecutorMethodInterceptor.java:173)
	at org.springframework.data.repository.core.support.QueryExecutorMethodInterceptor.invoke(QueryExecutorMethodInterceptor.java:148)
	at org.springframework.aop.framework.ReflectiveMethodInvocation.proceed(ReflectiveMethodInvocation.java:184)
	at org.springframework.data.projection.DefaultMethodInvokingMethodInterceptor.invoke(DefaultMethodInvokingMethodInterceptor.java:70)
	at org.springframework.aop.framework.ReflectiveMethodInvocation.proceed(ReflectiveMethodInvocation.java:184)
	at org.springframework.transaction.interceptor.TransactionAspectSupport.invokeWithinTransaction(TransactionAspectSupport.java:379)
	at org.springframework.transaction.interceptor.TransactionInterceptor.invoke(TransactionInterceptor.java:119)
	at org.springframework.aop.framework.ReflectiveMethodInvocation.proceed(ReflectiveMethodInvocation.java:184)
	at org.springframework.dao.support.PersistenceExceptionTranslationInterceptor.invoke(PersistenceExceptionTranslationInterceptor.java:138)
	... 155 common frames omitted
Caused by: com.mysql.cj.jdbc.exceptions.MysqlDataTruncation: Data truncation: Data too long for column 'name' at row 1
	at com.mysql.cj.jdbc.exceptions.SQLExceptionsMapping.translateException(SQLExceptionsMapping.java:104)
	at com.mysql.cj.jdbc.ClientPreparedStatement.executeInternal(ClientPreparedStatement.java:912)
	at com.mysql.cj.jdbc.ClientPreparedStatement.executeUpdateInternal(ClientPreparedStatement.java:1054)
	at com.mysql.cj.jdbc.ClientPreparedStatement.executeUpdateInternal(ClientPreparedStatement.java:1003)
	at com.mysql.cj.jdbc.ClientPreparedStatement.executeLargeUpdate(ClientPreparedStatement.java:1312)
	at com.mysql.cj.jdbc.ClientPreparedStatement.executeUpdate(ClientPreparedStatement.java:988)
	at com.zaxxer.hikari.pool.ProxyPreparedStatement.executeUpdate(ProxyPreparedStatement.java:61)
	at com.zaxxer.hikari.pool.HikariProxyPreparedStatement.executeUpdate(HikariProxyPreparedStatement.java)
	at org.hibernate.engine.jdbc.internal.ResultSetReturnImpl.executeUpdate(ResultSetReturnImpl.java:194)
	... 201 common frames omitted
2026-07-27 14:32:00.248 [http-nio-8090-exec-6] INFO  [cid=d3e92686] c.m.audit.service.LocalAuditService - AUDIT module=BORROWER action=BORROWER_REGISTERED userId=2
2026-07-27 14:33:19.497 [SpringApplicationShutdownHook] INFO  [cid=none] o.s.o.j.LocalContainerEntityManagerFactoryBean - Closing JPA EntityManagerFactory for persistence unit 'default'
2026-07-27 14:33:19.504 [SpringApplicationShutdownHook] INFO  [cid=none] com.zaxxer.hikari.HikariDataSource - HikariPool-1 - Shutdown initiated...
2026-07-27 14:33:19.532 [SpringApplicationShutdownHook] INFO  [cid=none] com.zaxxer.hikari.HikariDataSource - HikariPool-1 - Shutdown completed.
2026-07-27 14:33:33.699 [background-preinit] INFO  [cid=none] o.h.validator.internal.util.Version - HV000001: Hibernate Validator 8.0.1.Final
2026-07-27 14:33:33.871 [main] INFO  [cid=none] com.microlend.MicroLendApplication - Starting MicroLendApplication using Java 21.0.2 with PID 26212 (C:\Users\2503700\OneDrive - Cognizant\Desktop\Microlend\backend\target\classes started by 2503700 in C:\Users\2503700\OneDrive - Cognizant\Desktop\Microlend)
2026-07-27 14:33:33.874 [main] INFO  [cid=none] com.microlend.MicroLendApplication - The following 1 profile is active: "dev"
2026-07-27 14:33:38.469 [main] INFO  [cid=none] o.s.d.r.c.RepositoryConfigurationDelegate - Bootstrapping Spring Data JPA repositories in DEFAULT mode.
2026-07-27 14:33:39.186 [main] INFO  [cid=none] o.s.d.r.c.RepositoryConfigurationDelegate - Finished Spring Data repository scanning in 686 ms. Found 18 JPA repository interfaces.
2026-07-27 14:33:43.484 [main] INFO  [cid=none] o.s.b.w.e.tomcat.TomcatWebServer - Tomcat initialized with port 8090 (http)
2026-07-27 14:33:43.565 [main] INFO  [cid=none] o.a.coyote.http11.Http11NioProtocol - Initializing ProtocolHandler ["http-nio-8090"]
2026-07-27 14:33:43.595 [main] INFO  [cid=none] o.a.catalina.core.StandardService - Starting service [Tomcat]
2026-07-27 14:33:43.596 [main] INFO  [cid=none] o.a.catalina.core.StandardEngine - Starting Servlet engine: [Apache Tomcat/10.1.31]
2026-07-27 14:33:43.965 [main] INFO  [cid=none] o.a.c.c.C.[Tomcat].[localhost].[/] - Initializing Spring embedded WebApplicationContext
2026-07-27 14:33:43.971 [main] INFO  [cid=none] o.s.b.w.s.c.ServletWebServerApplicationContext - Root WebApplicationContext: initialization completed in 9904 ms
2026-07-27 14:33:45.596 [main] INFO  [cid=none] o.h.jpa.internal.util.LogHelper - HHH000204: Processing PersistenceUnitInfo [name: default]
2026-07-27 14:33:46.005 [main] INFO  [cid=none] org.hibernate.Version - HHH000412: Hibernate ORM core version 6.5.3.Final
2026-07-27 14:33:46.177 [main] INFO  [cid=none] o.h.c.i.RegionFactoryInitiator - HHH000026: Second-level cache disabled
2026-07-27 14:33:47.243 [main] INFO  [cid=none] o.s.o.j.p.SpringPersistenceUnitInfo - No LoadTimeWeaver setup: ignoring JPA class transformer
2026-07-27 14:33:47.396 [main] INFO  [cid=none] com.zaxxer.hikari.HikariDataSource - HikariPool-1 - Starting...
2026-07-27 14:33:47.874 [main] INFO  [cid=none] com.zaxxer.hikari.pool.HikariPool - HikariPool-1 - Added connection com.mysql.cj.jdbc.ConnectionImpl@8dbf0f2
2026-07-27 14:33:47.878 [main] INFO  [cid=none] com.zaxxer.hikari.HikariDataSource - HikariPool-1 - Start completed.
2026-07-27 14:33:51.224 [main] INFO  [cid=none] o.h.e.t.j.p.i.JtaPlatformInitiator - HHH000489: No JTA platform available (set 'hibernate.transaction.jta.platform' to enable JTA platform integration)
2026-07-27 14:33:51.632 [main] WARN  [cid=none] o.h.t.s.i.ExceptionHandlerLoggedImpl - GenerationTarget encountered exception accepting command : Error executing DDL "alter table borrower modify column name varchar(5) not null" via JDBC [Data truncated for column 'name' at row 2]
org.hibernate.tool.schema.spi.CommandAcceptanceException: Error executing DDL "alter table borrower modify column name varchar(5) not null" via JDBC [Data truncated for column 'name' at row 2]
	at org.hibernate.tool.schema.internal.exec.GenerationTargetToDatabase.accept(GenerationTargetToDatabase.java:94)
	at org.hibernate.tool.schema.internal.AbstractSchemaMigrator.applySqlString(AbstractSchemaMigrator.java:583)
	at org.hibernate.tool.schema.internal.AbstractSchemaMigrator.applySqlStrings(AbstractSchemaMigrator.java:523)
	at org.hibernate.tool.schema.internal.AbstractSchemaMigrator.migrateTable(AbstractSchemaMigrator.java:341)
	at org.hibernate.tool.schema.internal.GroupedSchemaMigratorImpl.performTablesMigration(GroupedSchemaMigratorImpl.java:84)
	at org.hibernate.tool.schema.internal.AbstractSchemaMigrator.performMigration(AbstractSchemaMigrator.java:240)
	at org.hibernate.tool.schema.internal.AbstractSchemaMigrator.doMigration(AbstractSchemaMigrator.java:119)
	at org.hibernate.tool.schema.spi.SchemaManagementToolCoordinator.performDatabaseAction(SchemaManagementToolCoordinator.java:280)
	at org.hibernate.tool.schema.spi.SchemaManagementToolCoordinator.lambda$process$5(SchemaManagementToolCoordinator.java:144)
	at java.base/java.util.HashMap.forEach(HashMap.java:1429)
	at org.hibernate.tool.schema.spi.SchemaManagementToolCoordinator.process(SchemaManagementToolCoordinator.java:141)
	at org.hibernate.boot.internal.SessionFactoryObserverForSchemaExport.sessionFactoryCreated(SessionFactoryObserverForSchemaExport.java:37)
	at org.hibernate.internal.SessionFactoryObserverChain.sessionFactoryCreated(SessionFactoryObserverChain.java:35)
	at org.hibernate.internal.SessionFactoryImpl.<init>(SessionFactoryImpl.java:322)
	at org.hibernate.boot.internal.SessionFactoryBuilderImpl.build(SessionFactoryBuilderImpl.java:457)
	at org.hibernate.jpa.boot.internal.EntityManagerFactoryBuilderImpl.build(EntityManagerFactoryBuilderImpl.java:1506)
	at org.springframework.orm.jpa.vendor.SpringHibernateJpaPersistenceProvider.createContainerEntityManagerFactory(SpringHibernateJpaPersistenceProvider.java:75)
	at org.springframework.orm.jpa.LocalContainerEntityManagerFactoryBean.createNativeEntityManagerFactory(LocalContainerEntityManagerFactoryBean.java:390)
	at org.springframework.orm.jpa.AbstractEntityManagerFactoryBean.buildNativeEntityManagerFactory(AbstractEntityManagerFactoryBean.java:409)
	at org.springframework.orm.jpa.AbstractEntityManagerFactoryBean.afterPropertiesSet(AbstractEntityManagerFactoryBean.java:396)
	at org.springframework.orm.jpa.LocalContainerEntityManagerFactoryBean.afterPropertiesSet(LocalContainerEntityManagerFactoryBean.java:366)
	at org.springframework.beans.factory.support.AbstractAutowireCapableBeanFactory.invokeInitMethods(AbstractAutowireCapableBeanFactory.java:1853)
	at org.springframework.beans.factory.support.AbstractAutowireCapableBeanFactory.initializeBean(AbstractAutowireCapableBeanFactory.java:1802)
	at org.springframework.beans.factory.support.AbstractAutowireCapableBeanFactory.doCreateBean(AbstractAutowireCapableBeanFactory.java:600)
	at org.springframework.beans.factory.support.AbstractAutowireCapableBeanFactory.createBean(AbstractAutowireCapableBeanFactory.java:522)
	at org.springframework.beans.factory.support.AbstractBeanFactory.lambda$doGetBean$0(AbstractBeanFactory.java:337)
	at org.springframework.beans.factory.support.DefaultSingletonBeanRegistry.getSingleton(DefaultSingletonBeanRegistry.java:234)
	at org.springframework.beans.factory.support.AbstractBeanFactory.doGetBean(AbstractBeanFactory.java:335)
	at org.springframework.beans.factory.support.AbstractBeanFactory.getBean(AbstractBeanFactory.java:205)
	at org.springframework.context.support.AbstractApplicationContext.finishBeanFactoryInitialization(AbstractApplicationContext.java:954)
	at org.springframework.context.support.AbstractApplicationContext.refresh(AbstractApplicationContext.java:625)
	at org.springframework.boot.web.servlet.context.ServletWebServerApplicationContext.refresh(ServletWebServerApplicationContext.java:146)
	at org.springframework.boot.SpringApplication.refresh(SpringApplication.java:754)
	at org.springframework.boot.SpringApplication.refreshContext(SpringApplication.java:456)
	at org.springframework.boot.SpringApplication.run(SpringApplication.java:335)
	at org.springframework.boot.SpringApplication.run(SpringApplication.java:1363)
	at org.springframework.boot.SpringApplication.run(SpringApplication.java:1352)
	at com.microlend.MicroLendApplication.main(MicroLendApplication.java:23)
Caused by: java.sql.SQLException: Data truncated for column 'name' at row 2
	at com.mysql.cj.jdbc.exceptions.SQLError.createSQLException(SQLError.java:130)
	at com.mysql.cj.jdbc.exceptions.SQLExceptionsMapping.translateException(SQLExceptionsMapping.java:122)
	at com.mysql.cj.jdbc.StatementImpl.executeInternal(StatementImpl.java:770)
	at com.mysql.cj.jdbc.StatementImpl.execute(StatementImpl.java:653)
	at com.zaxxer.hikari.pool.ProxyStatement.execute(ProxyStatement.java:94)
	at com.zaxxer.hikari.pool.HikariProxyStatement.execute(HikariProxyStatement.java)
	at org.hibernate.tool.schema.internal.exec.GenerationTargetToDatabase.accept(GenerationTargetToDatabase.java:80)
	... 37 common frames omitted
2026-07-27 14:33:52.403 [main] INFO  [cid=none] o.s.o.j.LocalContainerEntityManagerFactoryBean - Initialized JPA EntityManagerFactory for persistence unit 'default'
2026-07-27 14:33:54.637 [main] INFO  [cid=none] o.s.d.j.r.query.QueryEnhancerFactory - Hibernate is in classpath; If applicable, HQL parser will be used.
2026-07-27 14:33:57.284 [main] INFO  [cid=none] c.m.b.service.KycStorageService - KYC storage root: C:\Users\2503700\OneDrive - Cognizant\Desktop\Microlend\uploads\kyc
2026-07-27 14:33:58.760 [main] WARN  [cid=none] o.s.b.a.s.s.UserDetailsServiceAutoConfiguration - 

Using generated security password: d72dab2a-e504-4658-ace2-2163bb3875f0

This generated password is for development use only. Your security configuration must be updated before running your application in production.

2026-07-27 14:33:58.791 [main] INFO  [cid=none] o.s.s.c.a.a.c.InitializeUserDetailsBeanManagerConfigurer$InitializeUserDetailsManagerConfigurer - Global AuthenticationManager configured with UserDetailsService bean with name inMemoryUserDetailsManager
2026-07-27 14:34:00.219 [main] INFO  [cid=none] o.s.b.a.e.web.EndpointLinksResolver - Exposing 2 endpoints beneath base path '/actuator'
2026-07-27 14:34:01.884 [main] INFO  [cid=none] o.a.coyote.http11.Http11NioProtocol - Starting ProtocolHandler ["http-nio-8090"]
2026-07-27 14:34:01.954 [main] INFO  [cid=none] o.s.b.w.e.tomcat.TomcatWebServer - Tomcat started on port 8090 (http) with context path '/'
2026-07-27 14:34:02.001 [main] INFO  [cid=none] com.microlend.MicroLendApplication - Started MicroLendApplication in 30.028 seconds (process running for 31.521)
2026-07-27 14:34:02.573 [main] INFO  [cid=none] c.m.identity.bootstrap.DataSeeder - DataSeeder: seed users already present, nothing to create.
2026-07-27 14:34:08.832 [http-nio-8090-exec-1] INFO  [cid=none] o.a.c.c.C.[Tomcat].[localhost].[/] - Initializing Spring DispatcherServlet 'dispatcherServlet'
2026-07-27 14:34:08.956 [http-nio-8090-exec-1] INFO  [cid=none] o.s.web.servlet.DispatcherServlet - Initializing Servlet 'dispatcherServlet'
2026-07-27 14:34:08.975 [http-nio-8090-exec-1] INFO  [cid=none] o.s.web.servlet.DispatcherServlet - Completed initialization in 19 ms
2026-07-27 14:34:50.355 [http-nio-8090-exec-3] INFO  [cid=26f04c2c] c.m.audit.service.LocalAuditService - AUDIT module=BORROWER action=BORROWER_REGISTERED userId=2
2026-07-27 14:48:15.203 [SpringApplicationShutdownHook] INFO  [cid=none] o.s.o.j.LocalContainerEntityManagerFactoryBean - Closing JPA EntityManagerFactory for persistence unit 'default'
2026-07-27 14:48:15.209 [SpringApplicationShutdownHook] INFO  [cid=none] com.zaxxer.hikari.HikariDataSource - HikariPool-1 - Shutdown initiated...
2026-07-27 14:48:15.225 [SpringApplicationShutdownHook] INFO  [cid=none] com.zaxxer.hikari.HikariDataSource - HikariPool-1 - Shutdown completed.
2026-07-27 14:48:21.709 [background-preinit] INFO  [cid=none] o.h.validator.internal.util.Version - HV000001: Hibernate Validator 8.0.1.Final
2026-07-27 14:48:21.805 [main] INFO  [cid=none] com.microlend.MicroLendApplication - Starting MicroLendApplication using Java 21.0.2 with PID 25972 (C:\Users\2503700\OneDrive - Cognizant\Desktop\Microlend\backend\target\classes started by 2503700 in C:\Users\2503700\OneDrive - Cognizant\Desktop\Microlend)
2026-07-27 14:48:21.807 [main] INFO  [cid=none] com.microlend.MicroLendApplication - The following 1 profile is active: "dev"
2026-07-27 14:48:24.310 [main] INFO  [cid=none] o.s.d.r.c.RepositoryConfigurationDelegate - Bootstrapping Spring Data JPA repositories in DEFAULT mode.
2026-07-27 14:48:24.599 [main] INFO  [cid=none] o.s.d.r.c.RepositoryConfigurationDelegate - Finished Spring Data repository scanning in 265 ms. Found 18 JPA repository interfaces.
2026-07-27 14:48:26.632 [main] INFO  [cid=none] o.s.b.w.e.tomcat.TomcatWebServer - Tomcat initialized with port 8090 (http)
2026-07-27 14:48:26.662 [main] INFO  [cid=none] o.a.coyote.http11.Http11NioProtocol - Initializing ProtocolHandler ["http-nio-8090"]
2026-07-27 14:48:26.670 [main] INFO  [cid=none] o.a.catalina.core.StandardService - Starting service [Tomcat]
2026-07-27 14:48:26.670 [main] INFO  [cid=none] o.a.catalina.core.StandardEngine - Starting Servlet engine: [Apache Tomcat/10.1.31]
2026-07-27 14:48:26.879 [main] INFO  [cid=none] o.a.c.c.C.[Tomcat].[localhost].[/] - Initializing Spring embedded WebApplicationContext
2026-07-27 14:48:26.880 [main] INFO  [cid=none] o.s.b.w.s.c.ServletWebServerApplicationContext - Root WebApplicationContext: initialization completed in 4921 ms
2026-07-27 14:48:27.801 [main] INFO  [cid=none] o.h.jpa.internal.util.LogHelper - HHH000204: Processing PersistenceUnitInfo [name: default]
2026-07-27 14:48:28.030 [main] INFO  [cid=none] org.hibernate.Version - HHH000412: Hibernate ORM core version 6.5.3.Final
2026-07-27 14:48:28.085 [main] INFO  [cid=none] o.h.c.i.RegionFactoryInitiator - HHH000026: Second-level cache disabled
2026-07-27 14:48:28.523 [main] INFO  [cid=none] o.s.o.j.p.SpringPersistenceUnitInfo - No LoadTimeWeaver setup: ignoring JPA class transformer
2026-07-27 14:48:28.564 [main] INFO  [cid=none] com.zaxxer.hikari.HikariDataSource - HikariPool-1 - Starting...
2026-07-27 14:48:28.764 [main] INFO  [cid=none] com.zaxxer.hikari.pool.HikariPool - HikariPool-1 - Added connection com.mysql.cj.jdbc.ConnectionImpl@6371c5ec
2026-07-27 14:48:28.766 [main] INFO  [cid=none] com.zaxxer.hikari.HikariDataSource - HikariPool-1 - Start completed.
2026-07-27 14:48:30.462 [main] INFO  [cid=none] o.h.e.t.j.p.i.JtaPlatformInitiator - HHH000489: No JTA platform available (set 'hibernate.transaction.jta.platform' to enable JTA platform integration)
2026-07-27 14:48:31.223 [main] INFO  [cid=none] o.s.o.j.LocalContainerEntityManagerFactoryBean - Initialized JPA EntityManagerFactory for persistence unit 'default'
2026-07-27 14:48:32.456 [main] INFO  [cid=none] o.s.d.j.r.query.QueryEnhancerFactory - Hibernate is in classpath; If applicable, HQL parser will be used.
2026-07-27 14:48:33.986 [main] INFO  [cid=none] c.m.b.service.KycStorageService - KYC storage root: C:\Users\2503700\OneDrive - Cognizant\Desktop\Microlend\uploads\kyc
2026-07-27 14:48:35.050 [main] WARN  [cid=none] o.s.b.a.s.s.UserDetailsServiceAutoConfiguration - 

Using generated security password: cfcddb14-54f4-47f3-99ca-b43dba411bfd

This generated password is for development use only. Your security configuration must be updated before running your application in production.

2026-07-27 14:48:35.066 [main] INFO  [cid=none] o.s.s.c.a.a.c.InitializeUserDetailsBeanManagerConfigurer$InitializeUserDetailsManagerConfigurer - Global AuthenticationManager configured with UserDetailsService bean with name inMemoryUserDetailsManager
2026-07-27 14:48:36.164 [main] INFO  [cid=none] o.s.b.a.e.web.EndpointLinksResolver - Exposing 2 endpoints beneath base path '/actuator'
2026-07-27 14:48:37.308 [main] INFO  [cid=none] o.a.coyote.http11.Http11NioProtocol - Starting ProtocolHandler ["http-nio-8090"]
2026-07-27 14:48:37.362 [main] INFO  [cid=none] o.s.b.w.e.tomcat.TomcatWebServer - Tomcat started on port 8090 (http) with context path '/'
2026-07-27 14:48:37.393 [main] INFO  [cid=none] com.microlend.MicroLendApplication - Started MicroLendApplication in 16.574 seconds (process running for 17.34)
2026-07-27 14:48:37.792 [main] INFO  [cid=none] c.m.identity.bootstrap.DataSeeder - DataSeeder: seed users already present, nothing to create.
2026-07-27 14:48:41.733 [http-nio-8090-exec-1] INFO  [cid=none] o.a.c.c.C.[Tomcat].[localhost].[/] - Initializing Spring DispatcherServlet 'dispatcherServlet'
2026-07-27 14:48:41.734 [http-nio-8090-exec-1] INFO  [cid=none] o.s.web.servlet.DispatcherServlet - Initializing Servlet 'dispatcherServlet'
2026-07-27 14:48:41.735 [http-nio-8090-exec-1] INFO  [cid=none] o.s.web.servlet.DispatcherServlet - Completed initialization in 1 ms
2026-07-27 14:54:33.323 [http-nio-8090-exec-6] INFO  [cid=6ddce661] c.m.audit.service.LocalAuditService - AUDIT module=AUTH action=LOGIN_SUCCESS userId=1
2026-07-27 15:00:40.452 [SpringApplicationShutdownHook] INFO  [cid=none] o.s.o.j.LocalContainerEntityManagerFactoryBean - Closing JPA EntityManagerFactory for persistence unit 'default'
2026-07-27 15:00:40.456 [SpringApplicationShutdownHook] INFO  [cid=none] com.zaxxer.hikari.HikariDataSource - HikariPool-1 - Shutdown initiated...
2026-07-27 15:00:40.467 [SpringApplicationShutdownHook] INFO  [cid=none] com.zaxxer.hikari.HikariDataSource - HikariPool-1 - Shutdown completed.
2026-07-27 15:00:46.743 [background-preinit] INFO  [cid=none] o.h.validator.internal.util.Version - HV000001: Hibernate Validator 8.0.1.Final
2026-07-27 15:00:46.907 [main] INFO  [cid=none] com.microlend.MicroLendApplication - Starting MicroLendApplication using Java 21.0.2 with PID 24596 (C:\Users\2503700\OneDrive - Cognizant\Desktop\Microlend\backend\target\classes started by 2503700 in C:\Users\2503700\OneDrive - Cognizant\Desktop\Microlend)
2026-07-27 15:00:46.910 [main] INFO  [cid=none] com.microlend.MicroLendApplication - The following 1 profile is active: "dev"
2026-07-27 15:00:51.526 [main] INFO  [cid=none] o.s.d.r.c.RepositoryConfigurationDelegate - Bootstrapping Spring Data JPA repositories in DEFAULT mode.
2026-07-27 15:00:52.134 [main] INFO  [cid=none] o.s.d.r.c.RepositoryConfigurationDelegate - Finished Spring Data repository scanning in 572 ms. Found 18 JPA repository interfaces.
2026-07-27 15:00:55.499 [main] INFO  [cid=none] o.s.b.w.e.tomcat.TomcatWebServer - Tomcat initialized with port 8090 (http)
2026-07-27 15:00:55.529 [main] INFO  [cid=none] o.a.coyote.http11.Http11NioProtocol - Initializing ProtocolHandler ["http-nio-8090"]
2026-07-27 15:00:55.538 [main] INFO  [cid=none] o.a.catalina.core.StandardService - Starting service [Tomcat]
2026-07-27 15:00:55.538 [main] INFO  [cid=none] o.a.catalina.core.StandardEngine - Starting Servlet engine: [Apache Tomcat/10.1.31]
2026-07-27 15:00:55.711 [main] INFO  [cid=none] o.a.c.c.C.[Tomcat].[localhost].[/] - Initializing Spring embedded WebApplicationContext
2026-07-27 15:00:55.713 [main] INFO  [cid=none] o.s.b.w.s.c.ServletWebServerApplicationContext - Root WebApplicationContext: initialization completed in 8645 ms
2026-07-27 15:00:56.844 [main] INFO  [cid=none] o.h.jpa.internal.util.LogHelper - HHH000204: Processing PersistenceUnitInfo [name: default]
2026-07-27 15:00:57.038 [main] INFO  [cid=none] org.hibernate.Version - HHH000412: Hibernate ORM core version 6.5.3.Final
2026-07-27 15:00:57.130 [main] INFO  [cid=none] o.h.c.i.RegionFactoryInitiator - HHH000026: Second-level cache disabled
2026-07-27 15:00:57.626 [main] INFO  [cid=none] o.s.o.j.p.SpringPersistenceUnitInfo - No LoadTimeWeaver setup: ignoring JPA class transformer
2026-07-27 15:00:57.672 [main] INFO  [cid=none] com.zaxxer.hikari.HikariDataSource - HikariPool-1 - Starting...
2026-07-27 15:00:57.882 [main] INFO  [cid=none] com.zaxxer.hikari.pool.HikariPool - HikariPool-1 - Added connection com.mysql.cj.jdbc.ConnectionImpl@609ad016
2026-07-27 15:00:57.885 [main] INFO  [cid=none] com.zaxxer.hikari.HikariDataSource - HikariPool-1 - Start completed.
2026-07-27 15:00:59.661 [main] INFO  [cid=none] o.h.e.t.j.p.i.JtaPlatformInitiator - HHH000489: No JTA platform available (set 'hibernate.transaction.jta.platform' to enable JTA platform integration)
2026-07-27 15:01:00.359 [main] INFO  [cid=none] o.s.o.j.LocalContainerEntityManagerFactoryBean - Initialized JPA EntityManagerFactory for persistence unit 'default'
2026-07-27 15:01:01.725 [main] INFO  [cid=none] o.s.d.j.r.query.QueryEnhancerFactory - Hibernate is in classpath; If applicable, HQL parser will be used.
2026-07-27 15:01:03.275 [main] INFO  [cid=none] c.m.b.service.KycStorageService - KYC storage root: C:\Users\2503700\OneDrive - Cognizant\Desktop\Microlend\uploads\kyc
2026-07-27 15:01:04.605 [main] WARN  [cid=none] o.s.b.a.s.s.UserDetailsServiceAutoConfiguration - 

Using generated security password: 342048da-5d5f-4aa7-bb7a-4f0bda61b15a

This generated password is for development use only. Your security configuration must be updated before running your application in production.

2026-07-27 15:01:04.624 [main] INFO  [cid=none] o.s.s.c.a.a.c.InitializeUserDetailsBeanManagerConfigurer$InitializeUserDetailsManagerConfigurer - Global AuthenticationManager configured with UserDetailsService bean with name inMemoryUserDetailsManager
2026-07-27 15:01:05.702 [main] INFO  [cid=none] o.s.b.a.e.web.EndpointLinksResolver - Exposing 2 endpoints beneath base path '/actuator'
2026-07-27 15:01:07.089 [main] INFO  [cid=none] o.a.coyote.http11.Http11NioProtocol - Starting ProtocolHandler ["http-nio-8090"]
2026-07-27 15:01:07.142 [main] INFO  [cid=none] o.s.b.w.e.tomcat.TomcatWebServer - Tomcat started on port 8090 (http) with context path '/'
2026-07-27 15:01:07.184 [main] INFO  [cid=none] com.microlend.MicroLendApplication - Started MicroLendApplication in 21.688 seconds (process running for 22.483)
2026-07-27 15:01:07.677 [main] INFO  [cid=none] c.m.identity.bootstrap.DataSeeder - DataSeeder: seed users already present, nothing to create.
2026-07-27 15:01:16.284 [http-nio-8090-exec-1] INFO  [cid=none] o.a.c.c.C.[Tomcat].[localhost].[/] - Initializing Spring DispatcherServlet 'dispatcherServlet'
2026-07-27 15:01:16.285 [http-nio-8090-exec-1] INFO  [cid=none] o.s.web.servlet.DispatcherServlet - Initializing Servlet 'dispatcherServlet'
2026-07-27 15:01:16.287 [http-nio-8090-exec-1] INFO  [cid=none] o.s.web.servlet.DispatcherServlet - Completed initialization in 2 ms
2026-07-27 15:17:35.921 [SpringApplicationShutdownHook] INFO  [cid=none] o.s.o.j.LocalContainerEntityManagerFactoryBean - Closing JPA EntityManagerFactory for persistence unit 'default'
2026-07-27 15:17:35.924 [SpringApplicationShutdownHook] INFO  [cid=none] com.zaxxer.hikari.HikariDataSource - HikariPool-1 - Shutdown initiated...
2026-07-27 15:17:35.941 [SpringApplicationShutdownHook] INFO  [cid=none] com.zaxxer.hikari.HikariDataSource - HikariPool-1 - Shutdown completed.
2026-07-27 15:17:44.760 [background-preinit] INFO  [cid=none] o.h.validator.internal.util.Version - HV000001: Hibernate Validator 8.0.1.Final
2026-07-27 15:17:44.905 [main] INFO  [cid=none] com.microlend.MicroLendApplication - Starting MicroLendApplication using Java 21.0.2 with PID 11180 (C:\Users\2503700\OneDrive - Cognizant\Desktop\Microlend\backend\target\classes started by 2503700 in C:\Users\2503700\OneDrive - Cognizant\Desktop\Microlend)
2026-07-27 15:17:44.908 [main] INFO  [cid=none] com.microlend.MicroLendApplication - The following 1 profile is active: "dev"
2026-07-27 15:17:48.728 [main] INFO  [cid=none] o.s.d.r.c.RepositoryConfigurationDelegate - Bootstrapping Spring Data JPA repositories in DEFAULT mode.
2026-07-27 15:17:49.125 [main] INFO  [cid=none] o.s.d.r.c.RepositoryConfigurationDelegate - Finished Spring Data repository scanning in 364 ms. Found 18 JPA repository interfaces.
2026-07-27 15:17:51.675 [main] INFO  [cid=none] o.s.b.w.e.tomcat.TomcatWebServer - Tomcat initialized with port 8090 (http)
2026-07-27 15:17:51.710 [main] INFO  [cid=none] o.a.coyote.http11.Http11NioProtocol - Initializing ProtocolHandler ["http-nio-8090"]
2026-07-27 15:17:51.722 [main] INFO  [cid=none] o.a.catalina.core.StandardService - Starting service [Tomcat]
2026-07-27 15:17:51.723 [main] INFO  [cid=none] o.a.catalina.core.StandardEngine - Starting Servlet engine: [Apache Tomcat/10.1.31]
2026-07-27 15:17:51.985 [main] INFO  [cid=none] o.a.c.c.C.[Tomcat].[localhost].[/] - Initializing Spring embedded WebApplicationContext
2026-07-27 15:17:51.988 [main] INFO  [cid=none] o.s.b.w.s.c.ServletWebServerApplicationContext - Root WebApplicationContext: initialization completed in 6924 ms
2026-07-27 15:17:53.563 [main] INFO  [cid=none] o.h.jpa.internal.util.LogHelper - HHH000204: Processing PersistenceUnitInfo [name: default]
2026-07-27 15:17:53.890 [main] INFO  [cid=none] org.hibernate.Version - HHH000412: Hibernate ORM core version 6.5.3.Final
2026-07-27 15:17:54.119 [main] INFO  [cid=none] o.h.c.i.RegionFactoryInitiator - HHH000026: Second-level cache disabled
2026-07-27 15:17:55.199 [main] INFO  [cid=none] o.s.o.j.p.SpringPersistenceUnitInfo - No LoadTimeWeaver setup: ignoring JPA class transformer
2026-07-27 15:17:55.278 [main] INFO  [cid=none] com.zaxxer.hikari.HikariDataSource - HikariPool-1 - Starting...
2026-07-27 15:17:55.661 [main] INFO  [cid=none] com.zaxxer.hikari.pool.HikariPool - HikariPool-1 - Added connection com.mysql.cj.jdbc.ConnectionImpl@7b2f8152
2026-07-27 15:17:55.666 [main] INFO  [cid=none] com.zaxxer.hikari.HikariDataSource - HikariPool-1 - Start completed.
2026-07-27 15:17:57.988 [main] INFO  [cid=none] o.h.e.t.j.p.i.JtaPlatformInitiator - HHH000489: No JTA platform available (set 'hibernate.transaction.jta.platform' to enable JTA platform integration)
2026-07-27 15:17:58.647 [main] INFO  [cid=none] o.s.o.j.LocalContainerEntityManagerFactoryBean - Initialized JPA EntityManagerFactory for persistence unit 'default'
2026-07-27 15:18:00.025 [main] INFO  [cid=none] o.s.d.j.r.query.QueryEnhancerFactory - Hibernate is in classpath; If applicable, HQL parser will be used.
2026-07-27 15:18:01.622 [main] INFO  [cid=none] c.m.b.service.KycStorageService - KYC storage root: C:\Users\2503700\OneDrive - Cognizant\Desktop\Microlend\uploads\kyc
2026-07-27 15:18:03.078 [main] WARN  [cid=none] o.s.b.a.s.s.UserDetailsServiceAutoConfiguration - 

Using generated security password: 2b9a332d-3b04-4a65-ab2d-f5328406734b

This generated password is for development use only. Your security configuration must be updated before running your application in production.

2026-07-27 15:18:03.094 [main] INFO  [cid=none] o.s.s.c.a.a.c.InitializeUserDetailsBeanManagerConfigurer$InitializeUserDetailsManagerConfigurer - Global AuthenticationManager configured with UserDetailsService bean with name inMemoryUserDetailsManager
2026-07-27 15:18:04.199 [main] INFO  [cid=none] o.s.b.a.e.web.EndpointLinksResolver - Exposing 2 endpoints beneath base path '/actuator'
2026-07-27 15:18:05.757 [main] INFO  [cid=none] o.a.coyote.http11.Http11NioProtocol - Starting ProtocolHandler ["http-nio-8090"]
2026-07-27 15:18:05.800 [main] INFO  [cid=none] o.s.b.w.e.tomcat.TomcatWebServer - Tomcat started on port 8090 (http) with context path '/'
2026-07-27 15:18:05.829 [main] INFO  [cid=none] com.microlend.MicroLendApplication - Started MicroLendApplication in 22.299 seconds (process running for 23.307)
2026-07-27 15:18:06.527 [main] INFO  [cid=none] c.m.identity.bootstrap.DataSeeder - DataSeeder: seed users already present, nothing to create.
2026-07-27 15:18:10.746 [http-nio-8090-exec-1] INFO  [cid=none] o.a.c.c.C.[Tomcat].[localhost].[/] - Initializing Spring DispatcherServlet 'dispatcherServlet'
2026-07-27 15:18:10.747 [http-nio-8090-exec-1] INFO  [cid=none] o.s.web.servlet.DispatcherServlet - Initializing Servlet 'dispatcherServlet'
2026-07-27 15:18:10.749 [http-nio-8090-exec-1] INFO  [cid=none] o.s.web.servlet.DispatcherServlet - Completed initialization in 2 ms
2026-07-27 15:20:47.379 [http-nio-8090-exec-3] INFO  [cid=b4000ac5] c.m.audit.service.LocalAuditService - AUDIT module=AUTH action=LOGIN_SUCCESS userId=2
2026-07-27 15:21:54.130 [http-nio-8090-exec-3] INFO  [cid=32ab84eb] c.m.audit.service.LocalAuditService - AUDIT module=KYC action=KYC_UPLOADED userId=2
2026-07-27 15:22:06.420 [http-nio-8090-exec-8] INFO  [cid=edd899ab] c.m.audit.service.LocalAuditService - AUDIT module=AUTH action=LOGIN_SUCCESS userId=3
2026-07-27 15:23:35.651 [http-nio-8090-exec-6] INFO  [cid=ebea47e2] c.m.audit.service.LocalAuditService - AUDIT module=KYC action=KYC_VERIFIED userId=3
2026-07-27 15:27:05.685 [http-nio-8090-exec-6] INFO  [cid=e24d8cc0] c.m.audit.service.LocalAuditService - AUDIT module=AUTH action=LOGIN_SUCCESS userId=2
2026-07-27 15:28:19.288 [http-nio-8090-exec-6] INFO  [cid=2c9e35df] c.m.audit.service.LocalAuditService - AUDIT module=KYC action=KYC_UPLOADED userId=2
2026-07-27 15:28:32.378 [http-nio-8090-exec-5] INFO  [cid=49690936] c.m.audit.service.LocalAuditService - AUDIT module=KYC action=KYC_UPLOADED userId=2
2026-07-27 15:28:40.699 [http-nio-8090-exec-1] INFO  [cid=b4c6d4f9] c.m.audit.service.LocalAuditService - AUDIT module=AUTH action=LOGIN_SUCCESS userId=3
2026-07-27 15:28:47.621 [http-nio-8090-exec-3] INFO  [cid=aaba8db7] c.m.audit.service.LocalAuditService - AUDIT module=KYC action=KYC_VERIFIED userId=3
2026-07-27 15:28:54.908 [http-nio-8090-exec-9] INFO  [cid=3f6e42ed] c.m.audit.service.LocalAuditService - AUDIT module=AUTH action=LOGIN_SUCCESS userId=2
2026-07-27 15:29:14.996 [http-nio-8090-exec-1] INFO  [cid=1a991cc0] c.m.audit.service.LocalAuditService - AUDIT module=AUTH action=LOGIN_SUCCESS userId=3
2026-07-27 15:29:27.503 [http-nio-8090-exec-1] INFO  [cid=795f565b] c.m.audit.service.LocalAuditService - AUDIT module=KYC action=KYC_REJECTED userId=3
2026-07-27 15:29:27.518 [http-nio-8090-exec-1] INFO  [cid=795f565b] c.m.n.s.LocalNotificationService - NOTIFY user=2 category=KYC entity=BorrowerKYC:6
2026-07-27 15:29:47.628 [http-nio-8090-exec-6] INFO  [cid=ced0fd92] c.m.audit.service.LocalAuditService - AUDIT module=AUTH action=LOGIN_SUCCESS userId=2
2026-07-27 15:38:21.043 [SpringApplicationShutdownHook] INFO  [cid=none] o.s.o.j.LocalContainerEntityManagerFactoryBean - Closing JPA EntityManagerFactory for persistence unit 'default'
2026-07-27 15:38:21.049 [SpringApplicationShutdownHook] INFO  [cid=none] com.zaxxer.hikari.HikariDataSource - HikariPool-1 - Shutdown initiated...
2026-07-27 15:38:21.073 [SpringApplicationShutdownHook] INFO  [cid=none] com.zaxxer.hikari.HikariDataSource - HikariPool-1 - Shutdown completed.
